cif,N2_kh,N2_kh_dev
ODOXEK_clean,7.07273e-06,1.56913e-07
FUHNIH_clean,5.88647e-06,6.02479e-08
LEWVAL_clean,5.07271e-06,3.65618e-08
UYAMOY_clean,8.87374e-06,8.73584e-08
GAHWIX_clean,4.3913e-06,6.11933e-08
DALTAO_clean,6.15187e-06,2.67276e-07
YEGKOM_clean,4.69836e-06,6.22842e-08
UXUYUI_clean,1.57733e-06,7.51711e-08
WORREC_clean,4.47027e-06,1.82417e-08
XISXEE_clean,4.42699e-06,9.12728e-09
QUHMOX_clean,1.05184e-06,7.18386e-08
OHIHUJ_clean,8.46498e-06,2.2743e-07
ZEXSOM_clean,5.4489e-06,5.33066e-08
VURYOX_clean,1.65574e-06,1.83579e-08
ICIZOL_clean,1.30518e-05,4.89239e-07
PAPXUB_clean,8.05193e-06,2.68183e-07
UTUMAY_clean,2.27742e-06,8.43477e-09
QOFDOG_clean,4.80194e-06,4.86199e-08
UNIPEN_clean,9.88055e-06,8.74194e-08
PARKUQ01_clean,3.82723e-06,8.75985e-09
FIPXEJ_clean,4.97717e-06,1.01245e-07
GEVXIQ_clean,2.73084e-06,1.02856e-07
MIFQOJ_clean,8.28745e-06,1.78109e-07
PUWXAH_clean,1.55335e-06,5.95507e-09
VIXZUZ_clean,1.0706e-05,6.63236e-07
XEXMEU_clean,3.06295e-06,8.32681e-09
VOYXUE_clean,4.67568e-06,1.57661e-07
YIPDOR_clean,3.86649e-06,3.07539e-08
FOFMOE_clean,2.25206e-06,8.56061e-08
OWIZAW_clean,3.86335e-06,4.62548e-08
HIYGIH_clean,4.32477e-06,4.49348e-08
LOXKAM_clean,7.08371e-06,5.61566e-08
HISGIB_clean,4.18123e-06,5.73377e-08
DUQSAK_clean,8.40482e-06,1.07157e-07
ZUBFIN_clean,7.17726e-06,1.36763e-07
KASPOL_clean,5.59605e-06,5.68018e-07
ZEDLOL_clean,5.12487e-06,7.57856e-08
DUKDOD01_clean,8.52476e-07,2.40771e-08
XORHET_clean,4.21027e-06,7.37081e-08
EXOTUH_SL,6.65247e-06,2.31565e-08
ZIMTAS_clean,3.7934e-06,8.17681e-09
PAZXUJ_clean,3.02256e-06,3.71754e-07
KOJTOU_clean,5.36947e-06,2.94093e-08
QOMTET_clean,1.04551e-05,1.54769e-07
WOHZAU01_clean_h,1.21119e-05,1.19308e-06
ERUNUC_clean,5.10641e-06,6.97666e-08
DOGZIJ_clean,6.65725e-06,5.53539e-08
VUHGAH_clean,9.43299e-06,2.99194e-07
HELDEJ_SL,5.77428e-06,7.43826e-08
XEVHEN_clean,2.83498e-05,7.24394e-07
GEDTAM_clean,1.01168e-05,3.80322e-07
ZOZHON_clean,6.11851e-06,6.24131e-08
LODTEF_clean,4.02938e-06,6.72448e-08
HUYKUH_clean,1.81011e-06,5.53128e-08
XIFLUV_clean,3.48459e-05,9.41684e-07
FEDBEX_clean,1.53971e-06,6.83752e-09
OBODEQ_clean,1.04844e-05,8.37503e-07
FOXNIQ_clean,1.65188e-06,7.97977e-08
JIQVAH_clean,2.33733e-06,8.421e-08
POWBIO_clean,1.82073e-06,4.40472e-07
QATLEE_clean,1.41516e-05,5.79474e-08
HAWZEM_clean,1.8986e-05,1.62047e-07
VUNYUZ_clean,5.33683e-06,1.00923e-07
IVEQEG_clean,7.55788e-06,1.30812e-07
LATPIG_clean,2.15529e-06,1.80595e-08
XOPLOE_clean,4.88724e-06,3.75226e-08
IBIRES_clean,3.75795e-06,3.96097e-08
NIPNOQ_clean,6.04797e-06,4.77854e-08
VOCPEK_clean,5.66523e-06,1.12287e-06
MATFIY_clean,1.67165e-06,2.03895e-08
OYIVOI_clean,4.14325e-06,2.15953e-08
YULNOK_clean,3.62953e-06,7.87822e-08
MATBEQ_clean,4.67339e-06,8.26615e-08
RAZXIA01_clean,4.28187e-07,5.81837e-09
PURRIE_clean,5.86278e-06,1.54207e-07
POMMAH_clean,4.29699e-06,7.93794e-08
LEQQII_clean,4.00142e-06,3.70308e-08
FATKUI_clean,6.86265e-06,1.21259e-06
PUDSUD_clean,8.03478e-06,8.22743e-07
MUVLUM_clean,3.02123e-06,1.37471e-08
HADQUA_clean,1.77828e-05,4.21855e-07
MOTKAI_clean,6.22324e-06,8.98203e-08
VAHVOR_clean,6.73627e-06,1.77967e-07
MAKXAZ_clean,1.0454e-05,1.50879e-07
YIVNIC_clean,9.18715e-06,7.55605e-07
YUKCAJ_clean,6.31634e-06,2.79757e-08
IYODAD_clean,2.30004e-06,1.21982e-08
GOXMEN_clean,7.34454e-06,1.30278e-07
PEYSIW_clean,8.8558e-06,7.61973e-08
ZUWXUM_clean,6.4378e-06,5.51354e-08
ZISYAD_clean,1.27092e-05,1.00119e-07
OKELOH_clean,4.16156e-06,3.31557e-08
XUZDUS_clean,7.83901e-07,2.97593e-08
KUGZIW_clean,3.98691e-06,5.00086e-08
IYEPUZ_clean,5.46967e-06,2.65083e-07
XIBZUF_clean,9.7229e-06,4.01196e-06
GOSBOH_clean,2.89811e-06,1.28042e-08
MUBQIJ_clean,9.71172e-06,2.52956e-07
IZENUY_clean,4.34266e-06,1.88724e-08
VALZIU_clean,1.21183e-05,1.24053e-07
VIXVUV_clean,2.00213e-05,1.41791e-07
PELGOE_clean,6.87867e-06,1.78779e-07
WAGQAY_clean,4.16007e-06,9.42076e-08
VAHJIA_clean,9.23475e-06,1.54374e-07
OMIPAD_clean,1.63072e-05,1.65063e-07
IJAPOA_clean,8.45176e-06,6.69508e-08
WOLYON_clean,3.06301e-06,7.9621e-08
DAJHUS_clean,4.43832e-06,1.01125e-08
ZIJSAO_clean,4.62495e-06,6.17031e-07
PURJIW_clean,4.78444e-06,3.51174e-08
MUTZUX_clean,4.5796e-06,7.8472e-08
DOMDAL_clean,2.51856e-06,3.65017e-07
GIRZAK_clean,2.92617e-06,8.70061e-08
EXEQII_SL,5.71596e-06,2.81867e-08
YUCZOM_clean,5.26982e-06,9.25435e-08
KOHKOI_clean,4.27435e-06,5.8827e-08
GIFFEI_clean,5.17508e-06,5.70297e-07
KUNRAO_clean,1.02744e-05,7.60888e-08
IYOVUO_clean,6.09651e-06,8.88903e-08
GUHMIH_clean,4.29425e-06,2.13463e-08
IFEQIV_SL,1.56848e-06,2.05004e-08
PEZCII_clean,2.87164e-06,3.1812e-08
ICEGED_clean,4.42433e-06,4.55871e-08
MALFUD_clean,3.68638e-06,2.41149e-08
KUNMUD_clean,1.10977e-05,1.03473e-07
YOFGOR_clean,1.1524e-05,9.73045e-08
MOXKAN_clean,3.72076e-06,9.52898e-08
IYESUC_clean,7.79451e-06,1.57751e-07
CUYWUP_clean,9.43179e-06,1.68462e-07
DEJRUH_clean,9.67155e-06,1.42472e-07
IFASOZ_clean,3.07869e-06,1.65773e-08
XANLEE_clean,8.35724e-06,1.00378e-07
KOCWEF_clean,5.09733e-06,6.35105e-08
XICYAL_clean,6.21122e-06,3.30271e-08
OPOZEZ_clean,3.96644e-06,4.87846e-08
ENIHUG01_clean,3.8008e-06,1.81875e-08
QOTZEG_clean,5.21217e-06,1.66076e-07
HEDBUP_clean,3.38718e-06,1.58223e-07
MEMGAN_clean,6.26303e-06,5.46709e-08
REGMUN_clean,5.47904e-06,2.7399e-08
EGIFUV_clean,3.62824e-06,3.41421e-07
ZUQMAB_clean,6.0112e-06,1.0222e-08
YUSWIU_clean,4.26966e-06,1.06786e-08
OTUDIS_clean,3.26224e-06,3.75215e-08
MIXZOK_clean,4.17525e-06,1.52363e-08
WODVOB_clean,6.48266e-06,1.12783e-07
RAHMAP_clean,5.56711e-06,5.42124e-08
WEBREC_clean,1.05214e-05,7.01501e-08
LADKEJ_clean,4.00217e-06,4.29431e-08
REFJET_clean,3.92905e-06,6.75176e-08
GAWLIB_clean,3.13822e-06,1.59645e-06
GOVWOF_clean,6.53748e-06,9.24731e-08
WARJAC_clean,3.38798e-06,1.01728e-07
XIBMOK_clean,6.39654e-06,6.44974e-08
VALXOY_clean,5.55412e-06,5.27973e-08
UMUBOV_clean,5.69555e-06,4.08148e-08
GAJVAQ_clean,3.02397e-06,1.97133e-07
XUPSAE_clean,1.84725e-05,1.14211e-07
GALJAG_clean,6.38418e-06,1.54896e-08
VIPXUO_clean,3.91788e-06,5.27546e-08
YAZZEG_clean,5.9457e-06,2.02728e-07
ORIBAU_clean,3.94674e-06,3.93478e-08
YAJZIV_clean,4.83407e-06,4.3801e-07
VAGKOF_clean,3.60776e-06,5.22456e-08
YEGCUJ_clean,4.55119e-06,4.62654e-08
XAMHEA_manual,3.69706e-06,4.12856e-08
FAYLIC_clean,7.6334e-06,5.69432e-08
HUWDEJ_clean,1.32149e-05,5.91487e-08
EYACOX_clean,6.58055e-06,4.36632e-07
YUXLIN_clean,2.86077e-06,2.80038e-08
QEBGEL_clean,7.74619e-06,7.22217e-08
ISACIP_clean,1.06488e-05,3.02932e-07
PIGXAF_clean,8.78582e-07,9.50753e-09
GURPUF_clean,1.28492e-06,4.3298e-09
FERHAN_clean,5.26731e-06,1.15584e-07
IDORIE_clean,3.07343e-06,5.11431e-08
KOLWEO_clean,1.53602e-05,1.9198e-07
XOXMED_clean,3.79357e-06,4.08001e-08
IYOBAA_clean,1.61359e-06,2.45244e-08
XIYYEL_clean,1.23687e-06,3.5007e-09
GOQSIQ_clean,5.26949e-06,6.56226e-08
MAKRIC_clean,1.47859e-05,1.44721e-07
XUMRUU_clean,1.21962e-05,3.55102e-07
YUPSIM_clean,9.1521e-07,6.48955e-09
ODODUI_clean,4.0727e-06,1.27287e-08
URUWIP_clean,2.24013e-06,2.98121e-08
OXUPUT_clean,1.22158e-06,1.73632e-08
NIGBOW_clean,3.84366e-06,5.98724e-08
LOFVIN_clean,5.63853e-06,3.09915e-07
ZUPBET_clean,8.96624e-06,3.07403e-07
UWUTIQ_clean,9.06583e-06,8.98116e-08
HAYTEI_clean,4.96894e-06,2.20505e-07
ZELQAK_clean,5.45766e-06,6.54004e-08
LOXWEC_clean,2.82683e-06,3.05268e-08
EDABOC_clean,1.1601e-05,1.28148e-07
DEMLAJ_clean,9.89814e-07,3.61548e-08
NOFHUM_clean,1.08882e-05,1.93774e-07
IXAKAU_clean,4.98994e-06,4.14319e-08
WUGQAS_clean,5.55725e-06,5.78526e-08
FAGREM_clean,3.41594e-06,7.76084e-08
WONBAD_clean,1.19268e-05,4.86909e-08
JADJOQ_clean,4.01507e-06,3.45398e-08
MALSOK_clean,3.40422e-06,5.08984e-08
KESHAT_clean,5.52086e-06,9.77004e-07
IZOTUM_clean,5.92988e-07,1.53005e-08
QUQWUW_clean,4.707e-06,1.50184e-08
LUXWUY_clean,9.13653e-06,4.91754e-07
PETXAP_clean,3.5587e-06,4.70978e-08
MOJJUR_clean,6.07957e-06,5.99164e-07
HARNAR_clean,1.08827e-06,8.91058e-09
MEFYUT_clean,7.41426e-06,2.87502e-07
KAKCEH01_clean,5.4567e-06,2.06501e-07
LECGEH_clean,4.95142e-06,5.21724e-08
HUVHOX_clean,5.72637e-06,7.88417e-08
EJULUS_clean,9.07529e-06,8.84418e-08
PIQMUZ_clean,7.69732e-06,8.05807e-07
QOPPES_clean,3.85664e-06,2.19312e-08
OKIQEG_clean,4.15117e-06,6.8141e-08
WAHROP_clean,1.45295e-05,1.08272e-07
ZERQOE_clean,1.9097e-05,2.74711e-07
WECJIZ_clean,5.81207e-06,6.10922e-08
KUVYAD_clean,4.64132e-06,3.24763e-08
FASGEO_clean,9.33297e-06,1.28865e-07
LEVDIB_clean,5.18663e-06,7.16705e-08
DAGDUL_clean,7.1375e-06,2.34521e-07
IXEJOL_clean,3.95093e-06,2.29243e-07
UNEBIZ_clean,1.46011e-05,7.07868e-07
ETICIV_clean,5.89963e-06,4.78999e-08
OMITUB_clean,2.82388e-06,2.15728e-08
PUVJOG_clean,2.77091e-06,2.51308e-08
DIVNAY_clean,6.57078e-07,1.05607e-08
XAQMOS_clean,4.6964e-06,4.92124e-07
EWUGEK_clean,4.07064e-06,7.38699e-08
YAWFOS_clean,8.23702e-07,9.76708e-09
JOYKUF_clean,3.84663e-06,1.29458e-07
KUFVIS_clean,9.02626e-06,1.7448e-07
FAKMAH_clean,4.79429e-06,3.76366e-08
ECAFOG_clean,2.31423e-06,1.16537e-08
EBELUU_clean,7.50562e-06,1.1525e-07
OXOZUY_clean,1.11045e-05,3.1565e-07
HAKCAZ_clean,1.85969e-05,3.62534e-06
WIBSAD_clean,2.94429e-06,2.87779e-08
IXUHUE_clean,2.33016e-06,1.27011e-07
ORANAY_clean,2.76216e-06,2.55323e-08
WEHJOK_clean,4.37895e-06,6.58061e-08
PUJQEQ_clean,5.14178e-06,4.06581e-08
UXEFEJ_clean,6.35624e-07,1.94212e-08
YAQCEY_clean,3.39918e-06,4.24814e-08
WOBHOL_clean,3.14267e-06,5.9797e-08
QUQGAL_clean,5.54026e-06,2.78526e-08
DIVGIA_clean,6.23441e-06,2.15102e-07
XOFFUT_clean,7.02032e-06,1.71704e-07
HUJVOX_clean,6.42319e-06,4.56007e-08
XEKDOI_clean,1.29733e-06,1.87868e-08
MEKBAH_clean,4.87474e-06,6.71774e-07
KABXOC_clean,6.5657e-06,6.15571e-08
KUVMUL_clean,4.98125e-06,7.5585e-08
GAQYIH_clean,2.54225e-06,2.07521e-08
OPENON_clean,7.56e-06,6.46033e-08
NAGQOD_clean,2.65447e-06,1.20439e-08
FECXUI_clean,4.71734e-06,2.34446e-07
KESBUG_clean,5.10861e-06,1.0901e-08
XEZRIF_clean,4.24244e-06,1.06915e-07
URENEM_clean,4.2067e-06,2.97541e-08
NASQIJ_clean,2.01933e-06,6.21393e-08
QOSKAM_clean,3.70395e-06,6.35692e-08
ZEZFIV_clean,2.82198e-06,9.36718e-09
KOLYUH_clean,7.41382e-06,5.41069e-08
DIDDOK_clean,4.20454e-06,2.96882e-08
UNACIW_clean,3.20307e-06,3.22445e-08
NUDLAA_clean,7.41548e-06,2.10149e-07
XOVYUD_clean,1.87007e-06,2.06599e-07
GAKBAX_clean,5.43463e-06,4.9307e-07
OJIWIO_clean,5.96212e-06,1.12054e-07
ETEPID_clean,2.01168e-05,2.02643e-07
PEQTIQ_clean,5.43468e-06,3.82347e-07
JADBIC_clean,7.50304e-06,4.35089e-07
YOPPAW_clean,1.92351e-06,1.96208e-08
HANKUE_clean,3.66102e-06,5.3153e-08
UZUZUL_clean,9.89409e-06,6.02476e-08
VIWMEV_clean,1.41026e-05,4.29256e-06
PENNAZ_clean,4.10861e-06,8.66342e-08
PUFRIR_clean,7.74475e-06,3.94821e-07
MOKVOZ_clean,7.64135e-06,1.55884e-07
IYESIQ_clean,7.16865e-06,5.07623e-08
NAJTEA_clean,1.02563e-05,3.11476e-07
ESIDOB_clean,1.1453e-05,1.67095e-07
ZOZPUB_clean,2.97396e-06,2.97664e-08
FUWQIZ_clean,7.12216e-06,9.67562e-08
IYUJAO_clean,6.29542e-06,8.68834e-08
HUFKUQ_clean,3.69352e-06,2.41156e-08
YONNAR_clean,3.8469e-06,1.15319e-07
UNOTOH_clean,1.40505e-06,6.32536e-08
XALXUF_clean,4.27433e-06,4.68407e-08
MOCKEV_clean,3.51527e-06,1.40604e-08
EJORAY_clean,4.48482e-06,7.32014e-08
XEHSUZ_clean,3.08645e-06,5.7668e-08
OSOTUN_clean,1.40405e-05,1.97614e-07
XUFWOM_clean,3.37064e-06,1.7179e-08
GUKFEY_clean,9.72245e-06,1.5772e-07
EPOTAF_clean,4.19929e-06,4.05985e-08
DOTFOJ_clean,1.06734e-05,1.66162e-07
IZEHAX_clean,6.15473e-06,7.72596e-08
USUVIP_clean,3.51561e-06,3.6348e-08
UTIYED_clean,1.07591e-05,5.81166e-07
VULKOD_clean,6.64648e-06,1.13533e-07
ORAGOF_clean,2.28462e-06,2.75778e-08
DUQYEU_clean,2.0614e-06,2.4455e-08
POMSOB_clean,1.02893e-05,7.59235e-08
EZULAO_clean,7.47901e-06,2.14356e-07
HUCSEF_clean,1.33646e-05,1.53425e-07
NAHHOW_clean,6.90527e-06,6.00716e-08
LIPRAE_clean,2.7101e-06,2.22072e-08
QOPZIF_clean,6.39387e-06,1.2626e-07
YAJXUF_clean,3.00971e-06,2.1065e-08
WAZCUX_clean,1.16637e-05,4.28467e-07
KIVFEC_clean,2.94106e-06,7.45511e-07
YUZPOA_clean,3.99529e-06,5.35555e-08
GAWMOJ_clean,3.86985e-06,3.92918e-08
XOMCIL_clean,1.38644e-06,1.07194e-07
WODXEU_clean,6.59167e-06,1.10608e-07
VAGBUD_clean,2.52097e-06,1.7138e-08
EGEJUW_clean,3.56429e-06,5.65256e-08
ZIDDIB_clean,1.86106e-05,4.38681e-07
NOFQOQ_clean,4.95927e-06,1.2166e-07
WAKSOT_clean,9.25009e-06,1.78898e-06
INARUM_clean,3.80136e-06,1.50247e-07
KOSMAI_clean,2.93951e-06,5.85474e-08
NETFEY_clean,2.34177e-06,9.6685e-08
HISSIN_clean,8.08162e-06,3.10076e-07
HEGJUZ_clean,7.83702e-06,4.7288e-08
ISUCUV_clean,8.25994e-06,1.70525e-07
YABHIV_clean,3.79396e-06,4.62836e-08
FUMHEC_clean,1.2888e-06,2.7333e-08
EFESOZ_clean,8.83374e-06,3.62118e-08
HAYLIE_clean,6.08395e-06,6.44038e-08
XECBUD_clean,5.68011e-06,5.65194e-08
GEGHAD_clean,9.5344e-06,1.08657e-07
ORIWET_clean,3.62859e-06,1.37422e-07
YILJAG_clean,4.02172e-06,4.30033e-08
MULQOA_clean,3.81618e-06,1.96489e-08
JELPAS_clean,1.0514e-06,4.49393e-09
OQETEK_clean,3.87179e-06,1.68461e-08
DALSER_clean,3.25649e-07,4.36605e-09
NEDXOL_clean,9.89976e-06,4.60781e-08
EXECAN_clean,1.08291e-05,6.2721e-08
KEYFUR_clean,1.94835e-06,1.35794e-08
DOHXUV_clean,2.75385e-06,2.57895e-08
PELRIJ_clean,3.9857e-06,2.07398e-08
HAHPOW_clean,1.23077e-06,2.11447e-08
LASYOU_clean,5.01108e-06,4.58048e-08
PUKVAU_clean,3.16745e-06,1.60172e-08
FODCEI_clean,1.01768e-06,6.1332e-08
OVADAR_clean,2.04335e-05,2.86413e-07
PAHPOG_clean,6.60766e-06,5.37199e-08
VEXVAW_clean,4.89822e-06,3.52608e-08
DIMQOH_clean,2.34858e-06,1.77762e-08
EMUBOF_clean,4.05854e-06,5.03547e-08
LOCZIO_clean,6.17494e-06,1.03001e-07
HIBQUE_clean,7.69705e-06,6.15278e-08
LOSBOM_clean,1.22266e-05,2.87839e-07
OXEVOE_clean,7.65008e-06,4.88067e-08
FAHQIQ_clean,8.3072e-06,1.58159e-07
GUBKUL_clean,2.72321e-05,6.56548e-06
WIZKOH_clean,8.72771e-06,5.80334e-08
GUFXEM_clean,6.51835e-06,8.24052e-08
XAHQAA_clean,4.64222e-06,2.42987e-08
XUFYEE_clean,8.30673e-06,1.13065e-07
GAWJEV_clean,5.06554e-06,2.47068e-07
JUZSEE_clean,4.30669e-06,4.20896e-08
QIVBUT_clean,4.39656e-06,1.69916e-07
JITPOS_SL,3.06141e-06,1.88821e-08
UVEVUN_clean,4.80133e-06,3.14949e-08
YOYBUL_clean,9.25074e-06,9.57079e-08
NOHSUA_clean,6.28676e-06,1.24775e-07
VUMYUZ_clean,1.72941e-06,1.06266e-08
HUWSUN_clean,9.42351e-06,1.31636e-07
OWIJOV_clean,8.3858e-06,2.159e-08
ECASAD_clean,1.20515e-06,3.6483e-08
WEXSEZ_clean,5.32325e-06,7.66398e-08
GAXWEJ_clean,1.14319e-05,3.78448e-07
PEVBUP_clean,8.29275e-07,2.7919e-08
XEPBAX_clean,2.77181e-06,2.26643e-08
QAMLEY_clean,4.95004e-06,2.61554e-08
FIFPOA_clean,3.02161e-07,3.4856e-09
OXITOF_clean,3.57544e-06,3.73518e-07
DIKPOD_clean,2.0683e-06,4.75313e-08
WUWQEL_clean,1.13143e-06,8.52411e-09
MAYGAU_clean,1.57465e-06,5.96112e-09
KAVTEI_clean,6.20773e-06,6.32475e-08
HUNBEX_clean,8.16705e-07,1.25178e-08
ECOSIY_clean,7.36185e-07,3.77967e-08
NUNPAP_clean,3.74494e-06,3.31882e-08
JOGBIR_clean,8.96695e-07,2.87364e-08
PUZLAZ_clean,5.80858e-06,6.61833e-08
OFERUN_clean,2.70166e-06,8.59636e-09
YEKXET_clean,4.20374e-06,2.92386e-08
GIFSOF_clean,1.66812e-05,2.98679e-07
VIXCUB_clean,3.26651e-06,2.21856e-08
ZOXFEZ_clean,9.53537e-06,1.14864e-07
OHOMIH_clean,4.55743e-06,8.04289e-08
VETVAS_manual,1.28288e-05,1.1685e-06
HAFVOB_clean,1.08184e-05,2.17906e-07
HASMIZ_clean,4.088e-06,2.0723e-08
VAPFUP_clean,2.99645e-06,4.01477e-08
GARPAR_clean,8.99922e-06,7.05316e-08
NUGROX_clean,2.20124e-06,1.28098e-08
XILLIP_clean,8.70585e-06,1.37516e-07
JUXFOZ_clean,8.08595e-06,6.7787e-08
WAYMOA_manual,1.02186e-05,5.51473e-08
YIGHIG_clean,3.54292e-06,2.93712e-08
XOJWEZ_clean,6.47344e-06,7.45157e-08
HOHJAR_clean,6.0754e-06,4.4696e-08
NALWOO_clean,4.53776e-06,8.29834e-08
VUTVAJ_clean,3.18959e-06,1.26468e-07
NEHGIS_clean,8.62561e-06,1.64036e-07
USORUR_clean,6.01364e-06,1.15142e-07
LIFQIC_clean,2.95113e-06,3.00148e-08
HUMWIX_clean,7.0419e-06,8.94508e-08
KOGJOG_clean,2.70674e-06,1.34994e-07
XOKHIP_clean,2.95221e-06,3.62502e-08
YOYZET_clean,2.85382e-06,7.2307e-08
YEZSEC01_clean,1.39041e-06,4.59509e-08
FUWXOL_SL,1.34116e-05,1.64779e-07
UYOFIY_clean,6.52359e-06,1.35684e-07
DODHUA_clean,3.36925e-06,2.75568e-07
OPOBIF_clean,2.62755e-06,1.66711e-08
VUJBOS_clean,4.29514e-06,2.2566e-08
ESEDIQ_clean,5.65586e-06,4.45365e-08
GAZLAW_clean,4.96926e-06,4.68359e-08
IBUDOZ_clean,7.15958e-06,1.63973e-07
ETAXUT_clean,5.20227e-06,1.38809e-08
KUHVOZ_clean,3.98399e-06,5.14321e-08
QIWHEL_clean,5.24526e-06,7.22096e-08
JAQSAW_clean,3.03625e-06,6.58806e-08
OPAPUR_clean,1.60467e-06,3.55093e-08
KILJEV_clean,3.56309e-07,1.44074e-08
MARXEK_clean,4.17738e-06,3.07473e-08
WESNIS_clean,7.36773e-08,7.28751e-10
IJEYON_clean,1.49826e-06,1.66345e-08
HOGJUK_clean,5.69346e-07,5.15541e-09
OPADOA_clean,4.59739e-06,9.32786e-08
XOBDUO_clean,1.28021e-06,8.779e-09
NUBBAP_clean,3.36743e-06,5.8268e-08
FIFMUD_clean,4.98376e-06,3.27261e-08
NADZID_clean,1.40657e-05,2.44408e-07
EWETUW_clean,1.50773e-05,2.79974e-07
ENITOL_clean,5.23761e-06,6.4379e-08
EREFEN01_SL,1.13037e-05,1.29425e-07
IYOWID_manual,3.62841e-06,2.52178e-08
DIHYUP_clean,9.21027e-06,1.27995e-07
LUNWEW_clean,6.62777e-06,1.51571e-07
IZEBEV_clean,1.4203e-06,4.16277e-08
WURKEB_clean,5.61544e-06,1.7613e-07
NUCPOS_clean,5.15037e-06,1.37542e-07
QEBKUF_SL,5.55705e-06,2.25327e-08
ENIXUV_clean,5.56294e-06,5.62627e-08
JAVNIE_clean,4.35939e-06,1.25412e-08
XUZFUU_clean,4.13733e-06,5.46749e-08
XIGHIF_clean,2.00301e-06,1.84042e-08
QOPPOC_clean,5.84384e-06,1.32133e-07
POHWIU_clean,3.88014e-06,7.83868e-08
YARBUQ_clean,2.09803e-05,3.94277e-07
NAQLAT_clean,1.18933e-05,1.41735e-07
LUCDIW_clean,7.00405e-06,1.70924e-06
HULCOI_clean,3.63873e-06,3.65729e-08
NEXXIZ_clean,6.17534e-06,6.18895e-08
FIHRIZ_clean,6.59193e-06,4.22239e-08
GEZRAG_clean,4.19623e-06,3.01714e-08
DOYBAV_clean,6.01874e-06,5.82118e-08
KEDQAN_clean,7.407e-06,9.39563e-08
LAHYOL_clean,2.34769e-05,4.3983e-07
IPIHIA_clean,3.83505e-06,1.0378e-07
XOMJUE_clean,1.13148e-05,1.06148e-07
YINDOQ_clean,1.52363e-05,1.70307e-07
FEGNIQ_clean,3.60975e-06,2.13482e-08
MAHTAR01_clean,1.02134e-05,1.03018e-07
OTAVUB_clean,3.00537e-06,1.94579e-08
DOKHUH_clean,8.05199e-06,3.19843e-07
INOVEN_clean,5.89444e-06,1.38121e-07
LUWNAU_clean,4.54812e-06,1.00468e-07
ETIXIQ_clean,7.85279e-06,7.23273e-08
FIHHUB_SL,4.63104e-06,3.29107e-08
JEJWOL_clean,4.46999e-06,4.21413e-07
KUKMUA_clean,3.62226e-06,1.13203e-08
XUMSOP_clean,1.13409e-06,1.28931e-08
EQETAX_clean,1.17814e-05,9.12809e-08
OSUGUG_clean,1.57564e-05,1.73975e-07
YUYBIF_clean,5.95555e-06,4.95117e-08
FORTIR_clean,4.28775e-06,2.73116e-08
WEFZIS_clean,8.89058e-06,3.11776e-07
EHEKUY_clean,5.81336e-06,1.02555e-07
ZIVCOY_clean,3.71974e-06,5.06635e-08
KIGCEK_clean,4.25003e-06,9.08879e-08
QOHTUD_clean,2.25736e-06,2.19511e-08
JILXOS_clean,5.28892e-06,1.37803e-07
XINZEB_clean,1.02611e-05,2.47744e-07
WOHDON_clean,3.50922e-06,6.44288e-08
NEKMUN_clean,1.08178e-05,1.2178e-07
ISUFOS_clean,7.20197e-06,1.12536e-07
LABJUV_clean,1.08173e-06,8.26579e-09
HUJSEL_clean,1.04499e-06,9.41133e-09
MEJQOJ_clean,9.6537e-06,1.33662e-07
MUNPER_clean,5.58152e-06,1.38984e-08
IZIHOQ_clean,5.01233e-06,4.5405e-07
GULWOA_clean,2.49426e-06,5.42243e-08
VUNHAO_clean,1.92797e-06,1.09515e-08
FAQYUR_clean,2.32031e-06,3.82001e-08
HIGRIA_clean,4.57063e-06,1.31347e-07
MAYPIM_clean,1.09069e-05,1.12331e-07
HOVGEG_clean,4.14448e-06,9.75821e-08
PORLAL_clean,3.33869e-06,1.6439e-07
NAHDIM_clean,1.00703e-05,3.74761e-07
YOGVEX_clean,2.61701e-06,1.91559e-08
EBEGID_clean,1.62706e-06,1.22343e-07
MOYYIJ_clean,5.13802e-06,2.91749e-08
ICAROV_clean,3.88456e-06,3.76724e-08
KEWBUL_clean,4.82765e-06,2.17374e-07
PONSOC_clean,6.31956e-06,5.29827e-08
QINSUD01_clean,2.7729e-06,1.39196e-08
NERMON_clean,1.51848e-06,7.42266e-08
MOMJIJ_clean,1.07101e-06,2.83686e-08
YONNUL_clean,9.55757e-06,6.92705e-08
ZEZQIG_clean,5.33009e-06,1.10777e-07
FUNQEM_clean,1.42152e-06,4.62904e-08
QITDOO_clean,5.86226e-06,2.66575e-07
QUJKOX_clean,3.70237e-06,2.96331e-08
YUZXAT_clean,9.00897e-06,2.34228e-07
ORULEU_clean,8.72355e-06,1.11487e-07
UXOXAH_clean,8.68434e-06,1.05215e-07
DIVQAB_clean,5.08905e-06,4.74339e-08
OQIQOW_clean,1.82495e-05,1.23378e-06
VEQBID_clean,1.3581e-06,9.98178e-09
FILYEG_clean,3.23593e-06,8.16463e-09
DUWGEJ_clean,4.02204e-06,1.23503e-07
QURSEC_clean,5.53809e-06,1.21996e-08
IQUCOO_clean,1.06677e-05,2.88129e-07
EXALIZ_clean,1.58868e-06,1.1613e-08
VALVAI_clean,6.90211e-06,1.24289e-07
VOXQOQ_clean,7.97594e-06,1.13065e-07
OYOSAX_clean,8.11693e-06,2.38456e-07
DUGGOD_clean,4.4093e-07,4.75129e-09
HUCBEN_manual,9.26303e-06,8.44659e-08
HOGQIF_clean,6.3866e-06,3.55064e-07
LORRUH_clean,4.48356e-06,3.22855e-07
VUQKAU02_clean,1.0476e-05,2.31708e-07
FIDRIV_clean,2.87593e-06,5.01958e-08
QAWDID_clean,4.22992e-06,1.56801e-07
XIFHIF_clean,2.0505e-06,9.09447e-08
YAYRAT_clean,7.03854e-06,7.16683e-09
INOMOP_clean,8.17823e-06,1.45317e-07
UTEXIB_clean,7.57536e-06,5.47167e-08
MAFJIO_clean,4.44932e-06,1.19055e-08
LUKLIN_clean,4.09574e-06,5.00639e-08
YEGDAR_clean,2.34747e-06,1.09936e-07
FIBFUS_clean,2.79365e-06,3.03954e-08
EWECOY_clean,2.97775e-06,5.09069e-08
PEKWAF_clean,8.82405e-06,4.14078e-07
EZAWIL_clean,1.21351e-06,2.41146e-09
QIPROY_clean,7.19177e-06,6.15252e-08
JOCWIJ_clean,1.98882e-06,1.49219e-08
VOGPEO_clean,5.3178e-06,2.97664e-08
LUMZAW_clean,3.9937e-06,4.17447e-08
VUVZAP_clean,4.78048e-06,6.21779e-08
ICIKIP_clean,7.76123e-07,5.77736e-09
IMUKUW_clean,5.05181e-06,6.52917e-08
LORMOW_clean,4.74981e-06,7.77735e-08
LIDSIC_clean,1.25518e-05,1.52988e-07
DAWWAB_clean,2.3821e-06,2.84472e-08
YUDFOU_clean,2.16436e-06,1.13313e-08
INIRAA_clean,1.09337e-05,4.28383e-07
IJODES_clean,9.39446e-06,8.11632e-08
MOFLAV_clean,2.92243e-06,3.07954e-08
NUNCEG_clean,6.18916e-06,4.11151e-08
IYUCIQ_clean,2.69078e-06,2.30103e-08
EWUKIS_clean,5.78221e-06,1.39255e-07
XUGSEY_clean,5.93233e-06,9.30176e-08
NEXVUI_clean,2.18789e-06,7.4882e-08
FASQUN_clean,9.34476e-06,1.35585e-07
IBACAS_clean,7.03505e-06,2.72463e-08
KIYQOA_clean,8.67175e-06,7.57077e-08
HAZSIL_clean,3.31618e-06,3.05863e-08
GIYTIS_SL,5.12693e-06,5.7519e-08
MOVFOU_clean,7.95591e-06,2.20993e-07
QOWRAV05_clean,5.548e-06,2.59078e-08
QEFNAQ_clean,6.52072e-06,1.40266e-07
UZANEP_clean,2.24039e-06,9.72932e-08
ZUSBOG_clean,7.1468e-06,7.69767e-08
KAVLID_clean,1.50049e-06,1.8579e-08
FIXVUE_clean,4.79413e-07,1.45696e-09
FANQER_clean,1.24857e-06,7.6143e-08
UZANOZ_clean,6.06411e-06,1.17415e-07
IHIWIF_clean,5.66186e-06,6.88386e-07
FABCUI_clean,6.44002e-06,9.27916e-08
QITZIE_clean,2.744e-06,3.53293e-08
LEJRIC_clean,3.00706e-06,7.73716e-08
YOZYUJ_clean,4.14858e-06,9.60958e-09
FURFOP_clean,8.49867e-06,1.88828e-07
PATWOY_clean,7.86755e-06,8.83354e-08
FAZZEM_clean,1.46661e-06,9.31604e-08
CUXJEM_clean,9.34208e-06,3.75095e-07
HANWAW_clean,5.44364e-06,5.45955e-08
KOFVOS_clean,5.04351e-06,1.27815e-07
ZUDXAZ_clean,1.69504e-06,1.59057e-08
LAJJAK_clean,5.52239e-06,1.00601e-07
ICAWUF_clean,4.45156e-06,6.85912e-08
XAGPUT_clean,3.09494e-06,1.12186e-08
UQEGII_clean,1.28848e-06,4.9017e-08
GOTNEK_clean,1.13899e-05,1.93512e-07
YUMKAU_clean,5.02903e-06,4.63127e-08
PEYPIU_clean,1.1122e-05,1.93701e-07
EDADIX_clean,8.68906e-06,2.07503e-07
IZEBAR_clean,7.29792e-06,2.28291e-07
LIBZIG_clean,6.02053e-06,1.1435e-07
QAWPIO_clean,1.3317e-05,2.51733e-07
OPIFUQ_clean,4.85297e-06,7.98798e-08
GIHPEU_clean,6.25597e-06,4.8218e-08
YINTEW_clean,8.14903e-06,4.42219e-08
FUTZOK_clean,3.79687e-06,2.24372e-07
IWEVAJ_clean,2.42191e-06,2.72589e-08
OGIKAR_clean,5.50181e-06,9.18403e-08
UVASAM_clean,1.04846e-05,1.70275e-07
IVEKEA_clean,3.79312e-06,3.29366e-08
POLNAG_clean,3.16415e-06,5.85142e-08
ZACHET_clean,3.19839e-06,1.42881e-08
MOHSEJ_clean,1.52813e-06,2.01528e-08
YUKXEJ_clean,2.42545e-06,7.65344e-08
KACKIL_clean,5.19756e-06,3.45218e-08
VOFFED_clean,2.47536e-06,2.32192e-08
FUMJAA_clean,4.28544e-06,4.77175e-08
QUSHUJ_clean,5.45709e-06,6.80548e-08
XADDAJ01_clean,7.66815e-06,1.13514e-07
YOVXEO_clean,6.43477e-06,1.05145e-07
HOMRIL_clean,3.80418e-06,5.16263e-08
IQINAZ_clean,2.10278e-05,2.46173e-07
QATDEU_clean,1.74269e-05,3.81676e-07
NABNUA_clean,7.05286e-06,4.77727e-07
LEMNOH_clean,3.38549e-06,6.74407e-08
LELRUR_clean,4.81664e-06,6.21652e-09
EXUHEM_clean,8.45365e-06,1.10804e-07
VIVXOP_clean,3.55414e-06,2.56317e-08
POBNEA_clean,1.5616e-06,8.25238e-09
DOYBEA_clean,1.63592e-05,3.13503e-08
OWAVOY_clean,5.5951e-06,8.04506e-08
UWELIS_clean,8.87659e-06,7.83413e-08
IXUQOJ_clean,7.44327e-06,1.35009e-07
USAHAZ_clean,4.27164e-06,2.03323e-08
XESLAK_clean,1.11642e-06,2.10348e-08
VUWPIN_clean,6.38775e-07,6.28581e-09
QIYCOS_clean,9.97431e-06,1.38454e-07
FATLUJ_clean,3.67179e-06,2.50238e-08
JUQVAU_clean,4.71023e-06,5.61327e-08
QUDGED_clean,3.97155e-06,6.33971e-08
WETPES_clean,9.51173e-06,1.0283e-07
WEVRUK_clean,8.41078e-07,1.02842e-08
YAPXIX_clean,1.10175e-05,1.44223e-07
ILITUT_manual,3.85581e-06,4.34095e-08
EDOMAM_clean,5.54774e-06,6.91759e-08
UZEKEQ_clean,2.4419e-06,4.69639e-08
HIQNUS_clean,8.10348e-06,2.18512e-07
YEMJAC_clean,4.33108e-06,1.36263e-07
RATSAI_clean,8.14107e-06,4.17098e-07
EGATOW_clean,5.17063e-06,1.09455e-07
DEPXOM_clean,6.23319e-06,1.91625e-07
VIDWIQ_clean,1.88103e-05,2.48424e-07
IRAJER_clean,1.56244e-05,1.88347e-07
GUKZAO_clean,6.11112e-06,3.76268e-07
NISPOV_clean,6.44471e-06,1.59763e-07
DALVIY_clean,4.22631e-06,7.06967e-08
UXUPIN_clean,6.43243e-06,5.45503e-08
LIWYEX_clean,1.61409e-06,5.85109e-09
ITIPOS_clean,2.15057e-06,7.8473e-08
LUYSOP_clean,8.45467e-06,1.07311e-07
QUZZES_clean,1.30429e-05,1.19235e-07
GIVNOQ_clean,4.19947e-06,3.32608e-08
MAYKOO_clean,4.05906e-06,3.58625e-08
VEFLUP_clean,6.57529e-06,5.16121e-08
EBUFUE_clean,3.96371e-06,3.07685e-08
QUGZEZ_clean,4.40356e-07,5.57236e-09
OPIYAP_clean,5.48452e-06,4.0032e-08
FEYJOJ_clean,6.98761e-06,1.17274e-07
ESANET_clean,1.29487e-06,1.4591e-08
YOTROQ_clean,2.95427e-06,3.26946e-08
MIHHUG_clean,1.53537e-05,3.35512e-07
ITIPAE_clean,2.02184e-06,1.78081e-08
VELVOY_clean,5.54665e-06,3.5104e-08
IGIZUV_clean,9.99428e-06,3.57048e-07
WIHDUN_clean,5.9957e-06,8.78078e-08
XADGOA_clean,2.05673e-06,2.23327e-08
FITHIA_clean,4.91943e-06,6.81478e-08
XEBHOC_clean,3.54738e-06,1.529e-08
XAPTUE_clean,5.49612e-06,8.15309e-08
ZETLER_clean,5.30408e-06,1.10652e-08
QUVFET_clean,1.38232e-06,3.02922e-08
DONXUB_clean,1.83212e-05,3.445e-07
IZISEQ_clean,1.88506e-05,6.55896e-07
GOQXAN_clean,1.06997e-05,2.22939e-07
WITKIV_clean,3.25844e-06,2.70673e-08
UZIJUJ_clean,7.49488e-06,5.33873e-07
MUGHED_clean,5.42535e-06,3.4048e-08
WOBHOM_clean,4.78647e-06,5.04307e-08
PULMIU_clean,4.35756e-06,4.58705e-08
FUTKEL_manual,5.31252e-06,4.77082e-08
IDORAW_clean,2.05423e-06,2.95663e-08
OGIYUZ_clean,4.55038e-06,5.35892e-08
EXAXAE_clean,2.89696e-06,9.58677e-08
KOCCUC_clean,3.89569e-06,3.69869e-08
ZARZAV_clean,1.24135e-05,8.01925e-08
POLDUQ_clean,3.35266e-06,2.20499e-08
ERIWAF_clean,5.68593e-06,3.21173e-08
NANPUN_clean,1.54868e-06,1.82498e-08
EDADET_clean,4.1381e-06,2.08509e-07
WIHTIS_clean,6.75277e-07,9.75436e-09
HUYFAJ_clean,3.93642e-06,3.07742e-08
GETXEK_clean,3.8874e-06,3.09722e-08
UTOTUT_clean,3.99619e-07,2.41085e-08
KULRIT_clean,5.34885e-06,5.35581e-08
VOJGOS_clean,7.97982e-06,1.97291e-08
OQEPUW_clean,2.847e-06,1.13232e-07
PEYVEV_clean,7.62216e-06,8.15473e-08
KACZIZ_clean,6.51654e-06,2.47927e-08
XAXBEF_clean,2.06156e-06,1.60623e-08
HAPHUD_clean,4.385e-06,4.17386e-08
EPISOM_clean,6.15753e-06,6.06028e-08
PAJSAX_clean,3.13163e-06,2.83228e-08
ILECIN_clean,2.50775e-06,1.54101e-08
FINQUQ_clean,1.5566e-06,1.83398e-08
RAVFIF_clean,4.93756e-06,1.16526e-07
XAVQIU_clean,7.59445e-06,4.42253e-07
MOFBIU_clean,7.03127e-06,2.43807e-07
XOTSIK_clean,5.36026e-06,1.37736e-07
HAWZIQ_clean,5.07492e-06,1.59456e-07
MAVNUU_manual,1.08972e-05,2.34931e-07
HISJIE_clean,2.77094e-06,1.06341e-07
KOZNIY_clean,3.14755e-06,5.56703e-08
PEVQOY_clean_h,2.49085e-06,3.00592e-09
WAYKAK_clean,7.16298e-06,1.47893e-07
NALYEG_clean,1.45938e-06,1.35153e-08
NEHMET_clean,5.00609e-06,8.34466e-09
PORLEP_clean,3.29992e-06,6.46975e-08
ERIJUM_clean,2.17908e-06,5.00935e-09
ODONIF_clean,7.07821e-07,2.06224e-08
JOQSOZ_clean,4.0284e-06,3.76295e-08
XENMOU_SL,1.18134e-05,8.31823e-08
HAMRIY_clean,3.17118e-06,3.1892e-08
KAJZIH_clean,2.31036e-06,3.03869e-08
GEFZAU_clean,3.17173e-06,1.01205e-07
QETCUO_clean,4.77688e-06,3.4035e-08
WUCRUH_clean,1.12898e-05,1.89562e-07
LUMZEA_clean,1.74581e-06,1.86817e-08
QIRYAS_clean,4.18656e-06,2.3224e-08
NERVEN_clean,3.53058e-06,2.49237e-07
OQANIE_clean,1.18847e-05,1.43198e-07
GAWKEW_clean,3.71582e-07,8.00977e-09
XACHOA_clean,1.40954e-05,8.64331e-08
ONEJUN_clean,3.48616e-07,4.45139e-09
HOWPOA_clean,1.89768e-06,1.01361e-08
KAVXAI_clean,1.57108e-05,1.13244e-07
LOXBEH_clean,3.57753e-06,1.96331e-07
ZUXPOZ_clean,2.16621e-06,2.72386e-08
NODKUN_clean,6.62313e-06,5.59775e-08
EVADIQ_clean,4.56604e-06,4.87272e-08
DIKJUD_clean,1.26766e-05,1.23649e-07
DAPWAT_clean,4.32581e-06,3.22578e-08
MIZCEF_clean,6.96138e-06,1.60914e-07
XUVQOW_clean,5.7323e-06,9.30985e-08
HOWQOA_clean,6.36608e-06,9.4113e-08
YODZIB_clean,2.77877e-06,3.66734e-08
LEQCAN_clean,1.05955e-05,1.62975e-07
JUFREJ_clean,1.21189e-06,6.03284e-08
LASQON_clean,5.47791e-06,4.75861e-08
PASKAX_clean,3.10111e-06,7.05982e-08
EMUVAL_clean,6.58562e-06,4.71371e-08
DUYVEA_clean,1.45845e-06,2.61563e-08
KEFFEI_clean,4.13589e-07,5.78102e-09
FOJPEB_clean,5.66839e-06,1.36138e-07
YIXBIQ_clean,1.92834e-06,1.32001e-08
ZEGSUB_clean,2.03465e-06,2.89028e-08
QOTWON_clean,1.3756e-06,2.59824e-08
YUNKAV_clean,1.2571e-05,1.60211e-07
MUFYAP_clean,3.42543e-06,2.8773e-07
MOXBOS_clean,1.60173e-06,7.72884e-09
XULVAD_clean,7.29487e-06,4.45725e-07
UVUFUN_clean,1.17104e-05,2.48497e-07
UZIGOB_clean,2.87377e-06,9.29089e-08
WAFKIY_clean,1.04887e-05,7.85668e-08
MUVROM_clean,9.0765e-06,1.84783e-07
YUBHAG_clean,3.06577e-06,2.23695e-08
IQOKIK_clean,6.61968e-06,1.34608e-07
OQUZIL_clean,1.00319e-06,2.22894e-08
FUSGOR_clean,4.67216e-06,6.29894e-08
LITDAV_clean,9.22833e-06,1.20237e-07
GUJVOX_clean,2.96132e-06,1.13229e-07
UVOBUE_clean,6.68191e-06,1.20593e-06
IGAGAA_clean,5.22356e-06,1.64577e-07
NUVBIQ_clean,1.17087e-05,3.17026e-06
XOTZIR_clean,8.19735e-06,1.53564e-07
KUDMAY_clean,3.11689e-06,4.94181e-08
GUMBIA_clean,6.2922e-06,9.61584e-08
GESFAN_clean,1.62117e-06,4.75748e-09
EXAPEA_clean,5.03091e-06,3.22619e-08
LABRUE_clean,5.53387e-06,8.99757e-08
WIRNAO_clean,1.30137e-05,9.25761e-08
IYEHAX_clean,4.89598e-06,8.05843e-08
VIQQUJ_clean,1.46595e-05,2.4778e-07
IVILEG_clean,4.3585e-06,5.18388e-08
XUKLAS_clean,6.57853e-06,1.14506e-07
PAPPIH_clean,2.35956e-06,1.0542e-07
WIJDAV_clean,4.30125e-06,1.21804e-08
VUDQOB_clean,5.61835e-06,7.52504e-08
DUBBEI_clean,1.58321e-06,9.34546e-09
MURCOR_clean,9.74202e-07,4.54126e-09
ENAFAB_clean,8.48215e-07,2.28565e-08
QAQSAD_clean,6.63133e-06,8.98798e-08
HAJMEL_clean,4.54711e-06,4.9814e-08
WIMJAE_clean,3.98809e-06,1.01679e-08
WUQRAC_clean_h,1.18683e-06,1.05439e-08
KASRED_clean,6.15088e-06,3.53828e-08
HOXGEH_clean,1.40479e-06,8.50277e-09
GUSMAJ_clean,6.83165e-06,1.39976e-07
FIBKEI_clean,4.86305e-06,1.06197e-08
FOKWIN_clean,3.54604e-06,8.63419e-08
NEGZUW_clean,2.97109e-06,4.00514e-08
WIVVII_clean,8.17679e-06,5.70946e-08
VOBRUB_clean,4.97736e-06,8.36178e-08
ETEMIB_clean,4.22146e-06,2.3523e-07
NETYIV_clean,3.77103e-06,3.49765e-08
ETAXIH_clean,4.47531e-06,1.96678e-07
QEZZOL_clean,1.51971e-06,1.03641e-08
LUSJOZ_clean,7.111e-06,4.60089e-08
XAGDAL_SL,4.39195e-06,1.10249e-07
INAMUG_clean,2.87729e-06,6.66842e-08
OVUVIL_clean,9.82318e-06,8.33838e-08
YAYPOF_clean,1.50081e-06,1.81416e-08
ICISAP_clean,6.6409e-06,5.13309e-07
HEZSEK_clean,3.0755e-06,2.53262e-07
UNAZIT_clean,7.11654e-06,5.18167e-08
WIDWOX_clean,2.06231e-06,4.00554e-08
YEZFIU_clean,2.52657e-06,1.05458e-08
XIHXET_clean,1.92217e-05,5.11203e-07
YAPYUK_clean,3.7504e-06,3.82381e-07
JUVROJ_clean,4.8873e-06,3.5777e-08
DIBJIJ_clean,4.41525e-06,2.93235e-08
HIMSAY_clean,1.70627e-05,1.48372e-07
IBIYUO_clean,3.56848e-06,4.13305e-08
FEVDIV_clean,2.45675e-06,4.75193e-08
HOWSIX_clean,6.53341e-06,2.47362e-08
HUSJUC_clean,6.73972e-06,6.34921e-08
YEKWOC_clean,4.87006e-06,6.97176e-08
KETHEY01_clean,1.26983e-05,2.87121e-07
KIFDIM_clean,5.42536e-06,7.06633e-08
MUPQAQ_clean,2.33697e-06,2.14822e-08
VERPOZ_clean,8.63225e-06,5.80758e-08
NEFTUP_clean,9.99588e-07,7.20833e-08
VICLAW_clean,3.18344e-06,6.56559e-08
UQULAU_clean,6.58966e-06,2.26017e-08
WIYWUY_clean,4.47131e-06,1.95488e-07
KOJZUF_clean,6.92087e-06,8.67706e-08
MUKRAN_clean,1.00374e-05,1.06509e-07
LAZXOB_clean,3.13875e-06,5.61184e-08
GAMSOD_clean,5.94303e-06,9.69564e-08
VUKSOL_clean,3.04394e-06,3.1338e-08
HOGJOD_clean,5.53067e-06,2.60861e-08
VEDGIW_clean,6.44312e-06,8.43383e-08
MUTVUT_clean,3.44884e-06,7.98796e-08
EMAGAB_clean,4.03409e-06,1.80084e-08
LEWZET_clean,7.0635e-06,8.61966e-08
VIXPUP_clean,3.78612e-06,5.53221e-08
PIBGAK_clean,4.92058e-06,7.47259e-08
LEQVUZ_clean,4.98888e-06,3.17353e-08
DUQCAU01_clean,3.34371e-06,9.64003e-08
PIHNUQ_clean,6.61372e-06,4.95373e-08
IQEKUM_clean,8.95532e-06,2.63206e-07
HABZEQ_clean,3.18362e-06,1.05469e-07
MUTCEL_clean,5.71792e-06,6.58753e-08
EVEGER_clean,2.8712e-06,1.16198e-07
PIZSAU_clean,7.72519e-06,7.68956e-08
GUFBUG_clean,1.16747e-05,2.85507e-07
OKIKOJ_clean,3.30628e-06,2.62741e-08
XUDYOM_clean,6.09395e-06,1.70855e-08
HOZBUV_clean,2.17299e-06,8.57527e-08
NANZOS_clean,2.0263e-06,2.56599e-08
FEWQOP_clean,2.5852e-06,5.2758e-08
YEMMAF_clean,1.11798e-06,1.06474e-08
ZASJAG_clean,3.13527e-06,3.91911e-08
FEBPUY_clean,5.01358e-06,4.46937e-08
EBIJAC_clean,4.58474e-06,3.07886e-08
EKIGOW_clean,1.2134e-05,1.16538e-07
XAPSOY_clean,9.88531e-06,1.70307e-07
IJANEN_clean,1.62914e-06,1.83522e-08
LOJFUL_clean,1.06276e-05,2.0575e-06
QATXIU_clean,2.28628e-06,3.31761e-08
HOYROE_clean,4.10599e-06,4.76105e-08
VIRXIF_clean,3.98045e-06,2.87048e-08
XISVUR_clean,9.52319e-06,2.03066e-07
XULCIR_clean,8.72515e-06,3.17894e-07
IYAZAL_clean,1.63303e-05,7.76155e-07
OPUDAF_clean,3.12678e-06,1.82174e-07
OKABEI_clean,3.7659e-06,3.76522e-08
IHERIY_clean,5.58839e-06,3.46111e-08
OSUWEF_clean,1.53058e-05,3.36222e-07
HIHFOV_clean,1.7355e-05,4.59461e-07
WOZWEP_clean,2.9269e-06,4.11751e-08
NIJZOV_clean,5.26898e-07,2.06697e-09
XINRAP_clean,4.02663e-06,5.62748e-08
ETAYAA_clean,4.826e-06,8.34117e-08
VAGTUU_clean,1.04691e-05,2.53917e-07
NIRNAD_clean,2.39196e-05,1.18096e-06
WUTCAP_clean,3.20191e-06,3.59241e-08
MALWUU_clean,4.01408e-06,7.66825e-08
NIVNUC_clean,1.42229e-06,1.06209e-08
GACQAE_clean,4.91144e-06,7.10492e-08
MABLAD_clean,1.24176e-05,1.88536e-07
DITSIK_clean,3.98934e-06,3.44586e-07
KUKZOH_clean,5.95904e-06,7.535e-08
IFEHUY_clean,3.96309e-06,2.09208e-07
PAMHIW_clean,7.99762e-06,6.42384e-08
UTEMAJ_clean,7.9792e-06,1.6562e-07
WOYJOL_clean,6.19447e-06,4.08037e-08
NEJSOM_clean,8.64996e-06,1.12596e-07
NERVOV_clean,7.96333e-06,6.43853e-08
ZICCIZ_clean,2.94927e-06,3.56796e-08
VIFBUJ_clean,6.07153e-06,3.66248e-07
EQOXIT_clean,3.88452e-06,1.19843e-07
YOYQIO_clean,1.04848e-05,2.1043e-07
HOJJUN_clean,8.40232e-06,1.31387e-07
KOZQIB_clean,4.09226e-06,1.98354e-08
HAFTOZ_clean,4.01818e-06,3.28514e-08
MIMSUY_clean,5.98065e-06,6.77919e-08
XUYDIF_clean,9.95578e-07,1.39412e-08
GADMAA01_clean,9.49512e-07,3.21467e-09
LORKEK_clean,1.19484e-05,1.61262e-07
IJISEZ_clean,8.40176e-06,1.40532e-06
OLUCAZ_clean,3.76004e-06,4.07005e-08
YEKQOW_clean,3.42194e-06,9.26058e-08
ZISNEW_clean,9.90397e-06,2.33632e-07
NEKBEL_clean,7.91735e-07,1.42309e-08
GUJREK_clean,3.10045e-06,5.54969e-09
XEJXER_clean,2.13131e-06,6.37567e-08
NISCOJ_clean,7.41415e-06,3.47718e-07
NOKPEJ_clean,3.09834e-06,3.18295e-08
QUNWAZ_clean,9.94449e-06,1.57109e-07
PAMTUU_clean,5.60291e-06,2.17982e-07
FENROG_clean,2.54763e-06,1.21195e-08
RARYUF_clean,3.00455e-06,5.68624e-08
PUWDOA_clean,5.63707e-06,2.7989e-08
IGETUL_clean,1.17629e-05,2.70887e-07
VUQKUO_clean,3.08806e-06,6.42031e-08
DIPLUL_clean,3.44015e-07,4.49636e-09
FIJXUR_clean,1.05658e-06,1.31982e-08
GUNZIA_clean,8.74879e-06,1.11966e-07
DOLPIF_clean,4.80884e-06,3.14012e-08
VOLPET_clean,3.03562e-06,6.08317e-08
HUDWUA_clean,7.15985e-06,5.35146e-08
VURLIF_clean,4.89074e-06,3.65402e-08
LIRFIB_clean,1.36965e-06,5.97889e-09
PITPEP_clean,6.20624e-06,6.92365e-08
RAYMOV_clean,4.11738e-06,1.4464e-08
LELDUD_clean,3.70112e-06,2.07437e-08
LIHKAQ_clean,4.58255e-05,9.22408e-07
ESASEY_clean,8.17509e-06,4.39632e-08
DUJRAD_clean,6.98021e-06,6.67989e-08
QAFWOM_clean,1.40741e-06,5.06183e-09
EDIKIL_clean,1.75344e-06,1.32182e-08
WECBAJ_clean,1.22717e-06,6.02679e-08
EVOMOR01_clean,1.31426e-05,2.28033e-07
FOKGET_clean,6.37084e-07,1.24704e-08
RAYFEE_clean,2.97527e-06,4.66283e-08
PEDMOB_clean,3.45024e-06,2.21832e-08
MOLRIP_clean,2.3872e-06,1.5998e-07
ZOMSOL_clean,3.63738e-06,5.71246e-07
LEYLUX_clean,1.16458e-06,4.8469e-08
DOQRUW_clean,1.09193e-05,7.87881e-08
RAZYOI_clean,7.37387e-06,4.10915e-08
XUFXED_clean,4.6056e-06,4.87891e-08
XULDOZ_clean,7.1772e-06,7.14087e-07
GUHPEG_clean,1.13719e-05,5.71662e-07
FUYKER_clean,7.45806e-06,2.2656e-07
LAVTUZ_clean,4.78895e-06,3.78479e-08
EQAMUG_clean,3.97811e-06,8.51385e-07
KAVTUY_clean,2.0702e-06,1.55463e-08
PUQDOW_clean,5.25613e-06,2.70433e-08
XUTQEI_clean,4.06694e-06,3.58977e-08
WOSHET_clean,2.02546e-06,6.21932e-08
LACBID_clean,3.42515e-06,1.56441e-08
QULMOA_clean,3.85495e-06,6.52918e-08
GIWNUV_clean,3.26855e-06,9.87503e-08
PEGCEL_clean,3.89351e-06,7.64655e-08
DITXOU_clean,3.48742e-06,2.85039e-08
WEGGAS_clean,5.48397e-06,2.69835e-08
FUYCAE_clean,6.64761e-06,4.75775e-08
NORJEL_clean,7.92316e-06,2.72234e-07
FECZAQ_manual,3.19457e-06,9.24209e-09
DUZWOM_clean,1.96534e-06,2.27238e-08
HUXWAY_clean,8.94781e-07,2.24407e-09
QIQVIX_clean,5.19718e-06,4.4402e-07
PEMRIK_clean,8.41798e-06,1.55042e-07
DACYAI_clean,1.17795e-05,2.05351e-07
JOVYAW_clean,4.69543e-06,5.18089e-08
LIBQIY_clean,2.71853e-06,1.56506e-07
QEJYIP_clean,7.26323e-06,8.14637e-08
YARYUL_clean,1.14519e-06,1.22076e-08
ENERIY_clean,1.37933e-06,2.2302e-08
YEGTEK_clean,3.97419e-06,4.5359e-07
XOMCUZ_clean,3.26084e-06,4.88292e-08
CUYRUK_clean,2.94552e-07,1.63123e-08
UQOWUU_clean,3.38658e-06,1.8005e-08
OYEJOS_clean,3.76002e-06,1.17477e-08
WUSSEK_clean,4.08321e-06,2.10878e-08
DEYJOI_clean,1.08816e-05,1.22165e-06
WIRMOB_clean,1.24876e-05,3.34208e-07
FEXCES_clean,9.8264e-06,1.53861e-07
XUMMUP_clean,2.25318e-06,1.21978e-08
JUMDEC_clean,4.82922e-06,2.99985e-08
GAWMAU_clean,3.99997e-07,1.88184e-08
PUWYAI_clean,1.85592e-06,2.60135e-08
IBITEU_clean,9.69756e-06,6.4718e-08
ETUWOG_clean,4.0708e-06,3.21712e-08
NATXUC_clean,9.43251e-07,1.92704e-08
PUZTOV_clean,5.93628e-06,5.13901e-08
WOWBIV_clean,2.77483e-06,3.76547e-08
PEVZAT_clean,7.68126e-07,5.22006e-09
VOCQEJ_clean,9.8725e-06,1.62216e-07
LIRNOR_clean,6.75823e-06,1.55897e-08
LACJAC_clean,4.52045e-06,6.24934e-08
YOFXIC_clean,6.61999e-06,1.68525e-07
QIRWAR_clean,4.53916e-06,5.84971e-08
HASTAY_clean,6.23451e-06,7.42244e-08
FAJYAS_clean,3.56636e-06,4.72293e-08
IKOVEL_clean,5.27852e-06,2.80541e-07
PIVBEC_clean,6.34959e-06,1.08248e-07
EPAVAU_clean,2.28888e-06,1.44957e-07
HUJGEA_clean,6.88704e-06,4.61855e-08
KEXPOU_clean,4.64456e-06,1.15897e-07
QUTTII01_clean,5.50014e-06,2.0786e-07
GIMVAA_clean,7.05108e-07,4.47021e-08
QOMFEE_clean,7.29178e-06,7.96931e-08
VICSIL_clean,6.23134e-06,6.99252e-08
KOMVIT_clean,2.20103e-06,1.85994e-08
MUGXIX_clean,1.07861e-05,3.53047e-07
XUMFIV_clean,4.97666e-06,3.73433e-08
WURNOO_clean,3.38552e-06,2.24568e-08
GIDKOU_clean,9.55883e-06,2.51184e-07
DOKDEN_clean,5.96587e-06,6.0659e-08
IKUTUF_clean,5.56054e-06,1.04469e-07
HEFVAR_clean,1.37752e-06,3.01415e-08
XUHVON_clean,4.13055e-06,4.47726e-08
ECUDEM_clean,1.06989e-05,7.7903e-08
HORCUN_clean,7.52363e-07,2.02576e-08
PAQMAY_clean,2.8215e-06,1.21641e-07
YIDSOT_clean,1.57012e-05,1.44462e-06
UWALEL_clean,4.57017e-06,3.0028e-08
NAGBUU_clean,4.29399e-06,1.02688e-07
DIBXOD_clean,3.1979e-06,7.85842e-08
DIBPIP_clean,6.79247e-06,8.04652e-08
QALHES_clean,2.18582e-06,1.25367e-08
XADDUD_clean,4.47498e-06,6.10776e-08
ONODOM_clean,1.55665e-05,2.54719e-07
NEDWIE_clean,3.70866e-06,1.45255e-08
VEMDAT_clean,4.76809e-06,4.36498e-08
QIHXIQ_clean,2.85773e-06,3.19908e-08
IQIPAZ_clean,5.17891e-06,3.93026e-07
VUCDEE_clean,4.34108e-06,6.93197e-08
KUFTAI_clean,9.67378e-06,7.85942e-08
OTAXOX_clean,2.48323e-06,5.64685e-08
EJEFOP_clean,2.37126e-06,8.95943e-08
MOGMIE_clean,2.49706e-06,2.31821e-07
DIWNAA_clean,1.24082e-05,1.11854e-07
ZEDHIB_clean,9.99694e-06,2.15413e-07
PEQRUZ_clean,1.95506e-05,3.89804e-07
MUWQEB_clean,3.71839e-06,4.31851e-08
XEKMIL_clean,3.73182e-06,5.6048e-07
WUBHEI_clean,2.74362e-06,9.21821e-08
GOWHOR_clean,1.89526e-05,2.57717e-07
MICDEJ_clean,7.15604e-06,1.65769e-07
LULJAE_clean,3.86137e-06,7.11795e-08
JEBDOK_clean,3.87541e-06,9.49034e-08
OBAJAF_clean,5.84303e-06,8.75857e-08
MUNLUE_clean,3.40487e-06,1.52712e-08
MIJFIU_clean,4.28003e-06,6.63174e-08
OTOROF_clean,1.4479e-06,2.9854e-08
FIVYEP_clean,9.7798e-07,1.24836e-08
FAJZOI_clean,2.30012e-05,8.48532e-08
LIJXEI_clean,2.22397e-06,1.58906e-08
HOJLUP_clean,7.57321e-06,5.73403e-08
FUYCIN_clean,3.36984e-06,1.85548e-08
KIDDOS_clean,1.157e-05,4.56358e-07
JEDKEJ_clean,1.77584e-06,9.34079e-09
DICKEH_clean,4.07866e-06,6.06908e-08
HEDTER_clean,8.66155e-06,1.94348e-07
MEKDUC_clean,7.06653e-06,1.03799e-07
QISVEU_clean,6.36835e-06,3.09671e-07
ZEFVOX_clean,4.05382e-06,7.13764e-08
MEXJAC_clean,3.29161e-06,2.71554e-07
NEPWIQ_clean,8.32962e-06,6.24298e-07
DURDIF_clean,4.92373e-06,4.43807e-08
FOLLEZ_clean,1.16967e-05,5.95797e-07
HUCFAO_clean,5.03019e-06,2.79038e-08
PUMDIM_clean,7.40785e-06,1.95772e-07
XOVQIJ_clean,5.51672e-06,6.63517e-08
UVIPOF_clean,3.19504e-06,3.55811e-08
KIJRUS_clean,6.88354e-06,1.02272e-07
YIYHAQ_clean,1.73422e-05,1.0936e-06
LUSYEF_clean,5.66283e-06,6.52235e-08
HOFSUS_clean,5.35006e-06,6.89163e-08
NUDLEF_clean,4.30484e-06,2.0728e-07
LODPUQ_clean,1.1037e-05,1.52321e-07
FERWAC_clean,4.4838e-06,5.5317e-08
GOVHOQ_clean,6.27942e-07,8.48113e-09
WOGHEG_clean,1.18159e-05,1.66516e-07
MOTVOI_clean,6.80471e-06,1.80435e-07
KATDAM_clean,9.03311e-07,1.89153e-08
MIZPUI_clean,1.25413e-05,2.36247e-07
QUPDEL_clean,8.26425e-06,6.93136e-07
VAHQAY_clean,5.86578e-06,6.9486e-08
XEQRAO_clean,4.1516e-06,7.46555e-08
KUJMIN_clean,3.96393e-06,4.44108e-08
LULVOF_clean,1.1051e-05,2.8627e-07
IYUCEM_clean,5.11568e-06,3.40212e-07
GABYUG_clean,6.13455e-06,4.09776e-08
EWUCOP_clean,4.87003e-06,2.36972e-08
YUYLOV_clean,4.44924e-06,4.71743e-08
QIFLEY_clean,1.23125e-05,2.70075e-07
MONQIR_clean,1.22209e-05,3.41707e-07
QANSUV_clean,1.2386e-05,1.91889e-07
HICVUM_clean,8.38688e-06,5.51194e-08
WEGKIE_clean,4.32495e-06,1.75467e-08
VAPBIZ_clean,1.98297e-05,1.09621e-07
RAKPEZ_clean,5.34628e-06,5.55451e-08
RAJFAL_clean,6.78054e-06,1.95027e-07
NAHNES_clean,3.75134e-06,2.25488e-08
LABGAY_clean,7.34653e-06,1.38989e-07
RASKON_clean,1.5645e-05,4.93653e-07
ZIDVAL_clean,1.25447e-05,3.19268e-07
EDAVOV_clean,1.86071e-06,4.23354e-08
IVARUT_clean,2.6739e-06,1.6944e-07
NUHZAS_clean,4.99961e-06,1.57845e-07
QUKYUR_clean,3.61895e-06,2.42767e-07
IQOJEF_clean,7.98892e-06,9.38828e-08
EQERIC_clean,1.37509e-05,6.2539e-08
FECXAO_clean,9.88084e-06,7.14129e-08
PARHEW_clean,4.37328e-06,2.94047e-08
NAQREE_clean,2.2692e-06,1.06867e-07
JUFZER_clean,3.16553e-06,1.38041e-07
YOZKOP_clean,5.16028e-06,9.48053e-08
DIYKED_clean,6.36206e-07,5.1102e-09
PAMVEG_clean,1.04228e-06,3.5809e-08
KIYMIQ_clean,7.70639e-06,1.69176e-07
XIDSUZ_clean,4.26276e-06,3.51881e-08
DUTKAG_clean,4.75367e-06,5.3475e-08
GOBGAG_clean,2.17433e-06,8.46108e-09
DUFKAS_clean,4.84621e-06,9.9794e-07
PEKDEQ_clean,7.01471e-06,2.52352e-07
YARKOT_clean,6.02324e-06,7.60803e-08
YOCDUR_clean,3.86327e-06,5.58123e-08
MUDLON_clean,7.12827e-06,9.74038e-08
QESLOQ_clean,4.15007e-06,3.01186e-08
NOKLIJ_clean,2.81401e-06,4.66505e-08
VOGTIV_clean_h,5.26847e-06,1.70401e-07
ECOKAJ_clean,2.73778e-06,1.60271e-08
IPIJUM_clean,3.15879e-06,2.33683e-07
IPIVOT_clean,1.69916e-05,3.52837e-07
QOFLAA_clean,2.24619e-06,1.17248e-08
WIJXIY_clean,2.90297e-06,6.34802e-08
XILVIZ_clean,6.51121e-06,2.32925e-08
JOFKIA_clean,1.75913e-06,1.06669e-08
XAJSEJ_clean,5.92381e-06,1.9828e-08
PIBPIA_clean,2.2561e-06,8.52957e-09
FASGAK_clean,1.02027e-05,2.16396e-07
POCPAZ_clean,5.49512e-06,1.97359e-08
KUNSUJ_clean,4.87165e-06,3.01798e-08
MUDKOM_clean,4.68476e-06,1.97881e-08
DABGIZ_clean,9.27106e-07,1.55005e-08
PICTIG_clean,3.30425e-06,3.90796e-08
XOPKOD_clean,1.97397e-06,4.19726e-08
VAXTEV_clean,3.5319e-06,1.11961e-07
LOMMOR_clean,1.97922e-06,5.09053e-08
WAQFAX_clean,4.15531e-06,6.41592e-08
EFOGOX_clean,3.92299e-06,3.60669e-08
JITQEI_clean,5.15643e-06,1.07811e-07
IPIFAP_clean,2.68883e-06,2.18349e-08
WINCEC_clean,6.05834e-06,9.07526e-08
OBIBOT_clean,8.85589e-06,3.5416e-07
QISKIN_clean,6.13097e-06,4.64082e-08
XUJSAY_clean,1.77764e-05,3.95309e-07
WITJUG_clean,6.75184e-06,1.20499e-07
EHODOV_SL,7.55657e-06,2.37295e-08
DAHPAE_clean,1.1623e-06,5.36874e-09
YOQLAT_clean,3.49992e-06,1.31071e-07
OTAWIR_clean,8.81661e-06,1.68153e-07
ONEYOW_clean,4.39629e-06,5.93114e-08
NUYQUU_clean,3.81239e-06,1.02767e-07
OQOJUB_clean,6.99749e-06,5.47445e-08
PIJROR_clean,3.49462e-06,2.26377e-08
MATVIN_clean,5.11072e-06,1.76647e-07
FAHGAY_clean,6.22066e-06,4.37961e-08
NIMXIS_clean,2.10044e-06,2.03478e-08
JUPBUT_clean,2.6306e-06,4.46889e-08
VADWON_clean,5.11345e-06,6.7393e-08
FULQUZ_clean,4.63833e-06,8.98625e-08
ENEQUL_clean,5.45417e-06,1.60398e-08
NEDJAJ_clean,1.63748e-06,5.55283e-08
PUPXII01_clean,3.67766e-07,2.29251e-08
LIKGUJ_clean,7.48946e-06,9.22963e-08
QOKCID_clean,4.98245e-06,6.1452e-08
OTOVIE_clean,1.05475e-05,2.54452e-07
HOFJIX_clean,3.30049e-06,1.88734e-08
YANBAR02_clean,1.66083e-06,3.79846e-08
HIFGEK_clean,3.76656e-06,1.27593e-08
OLEKUM_manual,3.71737e-06,1.37778e-08
ECUTON_clean,5.43261e-07,1.19555e-08
HEFDIH_clean,7.05136e-07,2.84968e-08
EMIYEF_clean,2.34083e-06,3.16621e-08
EVUDAA_clean,9.34017e-06,1.38644e-07
PEWGEF_clean,2.34058e-06,2.16903e-08
XOVPON_clean,5.77007e-06,1.25447e-07
ILIQIF_clean,2.02381e-06,2.02018e-08
HUCXUA_clean,5.30667e-06,6.62639e-08
LAZJIH_clean,5.86821e-06,2.70497e-08
XUWVUG_clean_h,1.46674e-07,1.64129e-09
GOSKEG_clean,8.971e-06,1.28661e-07
OGEBAF01_clean,3.37296e-06,2.58267e-08
HUFJID_clean,6.57072e-06,1.09516e-07
KUKQAK_clean,4.59683e-06,3.82127e-08
LABQAI_clean,2.10425e-06,2.58597e-07
HAZGOF08_clean_h,3.35446e-07,1.88667e-08
LENKIA_clean,2.44012e-06,9.59363e-09
HADDOI_clean,5.27e-06,5.07257e-08
VUKHOZ_clean,1.16561e-06,1.14006e-08
HIQWOV_clean,4.08003e-06,1.64783e-08
VINHOR_clean,1.22367e-06,7.5101e-09
FEYQUW_clean,4.32686e-06,2.37522e-07
KULLEK_clean,2.87961e-06,4.71688e-08
NAYXOC_clean,5.07253e-06,4.51187e-08
PEGCIP_clean,9.11315e-06,1.24679e-07
YEBLAT_clean,9.78208e-07,5.37775e-09
GOGSIF_clean,4.74584e-06,1.29655e-07
LALPOF_clean,2.08852e-06,3.84986e-08
DAFHOJ_clean,5.03312e-06,8.17717e-08
PAVMAB_clean,1.38896e-05,2.64972e-07
NIVZOJ_clean,1.63371e-06,2.3314e-08
MANLOD_manual,4.87377e-06,3.73617e-08
HIJSOK_clean,4.60723e-06,6.36721e-08
DADPEG_clean,5.87674e-07,2.56219e-09
UQUHAQ_clean,1.21339e-05,2.44597e-07
QIJLAW_clean,1.76898e-06,1.34956e-08
MAGDAB_clean,1.03769e-05,1.66291e-07
OQIZUL_clean,4.44163e-06,7.42953e-08
NAKNUK_clean,1.65209e-06,9.03499e-08
JENKIX_SL,4.0897e-06,7.32574e-08
DEZCER_clean,8.58929e-06,1.73917e-07
IBOZIK_clean,5.35186e-06,6.25406e-08
GIMHAM_clean,9.81833e-06,6.44781e-08
LOWQIX_clean,2.75212e-06,4.802e-08
OTODOS_clean,5.54518e-06,9.48416e-08
UTACUP_clean,2.95014e-06,1.41434e-08
REFMEW_clean,9.9461e-06,6.01352e-08
PEPFAT_clean,4.47095e-06,4.61841e-08
XUGWAZ_clean,1.04066e-05,1.86072e-07
WOPROK_clean,2.87393e-06,4.44071e-08
LEDHIN_clean,9.99378e-06,1.7392e-07
NEXVET_clean,2.32632e-06,2.1983e-08
XUGROI_clean,6.40467e-06,2.08483e-08
HAKCIG_clean,4.38876e-06,9.17137e-08
NOFDUI_clean,7.1837e-06,7.39895e-08
VECWUX_clean,4.58716e-06,5.37167e-08
OLOGEC_clean,3.73266e-06,6.83813e-08
MUZRIJ_clean,7.75074e-06,2.4527e-07
PAKFEP_clean,1.38434e-06,2.59127e-08
PEJFUG_clean,8.93726e-06,1.72272e-07
IYUQID_clean,2.80977e-06,1.47933e-08
ZEKRIS_clean,1.12006e-05,4.86474e-08
IYASOS_clean,7.52947e-06,3.82296e-08
YUMFUJ_clean,6.12553e-06,2.35632e-07
LACZIB_clean,4.42418e-06,4.13395e-08
QUFTAM_clean,4.87906e-06,4.79917e-08
GINLIA_clean,9.65367e-06,1.66578e-07
OYERUH_clean,7.54084e-06,1.69943e-07
DUDZOT_clean,1.76888e-06,1.41845e-07
EXOZIB_clean,2.7947e-06,1.43218e-08
EDUWAB_clean,2.87466e-06,2.29438e-08
QALNIA_clean,3.73325e-06,1.81516e-07
IJEVIE_clean,7.94096e-06,4.53533e-07
KOZSOJ_clean,9.28858e-07,1.4077e-08
IMAGAG_clean,7.80711e-06,6.88093e-08
IJEXUS_clean,1.80382e-06,2.50195e-08
OFUSEP_clean,2.77251e-06,1.60926e-08
ONUKAL_clean,7.77658e-06,1.61649e-07
ECODIK_clean,6.71044e-06,1.64049e-08
WEMYEU_clean,7.08613e-06,9.82811e-08
GIZVER_clean,2.90656e-06,1.29185e-07
XIPBOO_clean,2.20927e-06,2.35146e-08
GUQTOB_clean,6.20689e-07,6.9514e-09
VOXKIE_clean,8.21844e-06,5.10117e-07
DUPJAB_clean,4.49028e-06,1.32154e-07
REHVEH_clean,1.24841e-05,1.32387e-07
OLELAS_clean,6.92039e-06,9.14496e-08
WUJPIC_clean,7.84271e-06,6.10544e-08
VUKSAX_clean,3.49339e-06,1.35904e-08
WENDIE_clean,1.42402e-05,3.91189e-07
WEMFOL_clean,1.98649e-06,4.72549e-08
JODGEP_clean,1.88649e-06,3.93688e-07
WOTSEF_clean,7.66622e-06,1.22965e-07
XAPDEY_clean,3.01881e-06,4.28135e-08
QOZPOM_clean,5.66785e-06,1.07722e-07
JIZJUZ_clean,2.25373e-06,3.18599e-08
KANDIO_clean,6.42062e-06,8.28639e-08
IDUDIW_clean,5.58881e-06,1.86562e-08
OJIDAN_clean,0.000204841,0.000255518
XALDOE_clean,6.82932e-06,2.18821e-07
ISENUQ_clean,7.51218e-06,3.3256e-07
FARBIL_clean,6.46378e-06,4.07963e-08
YOKKIU_clean,7.03037e-06,5.69107e-08
VIWRAW_clean,9.40334e-07,5.05697e-09
DIBQUC_clean,6.17866e-06,3.49853e-08
JOGSAA_clean,3.47113e-06,1.28184e-08
VEYREY_clean,3.81569e-06,5.19057e-08
YUSGID_clean,3.3074e-06,5.27678e-08
IVUVIG_clean,1.01707e-05,5.17479e-07
KOQLUZ_clean,5.17579e-07,5.95385e-09
DUQSEO_clean,5.98336e-07,2.70919e-08
LACNUB_clean,6.34299e-06,7.36988e-08
DOMKEX_clean,4.60624e-06,1.86319e-08
KIYXUN_clean,1.83408e-06,4.97498e-08
GAYPED_clean,5.46713e-06,5.99477e-08
UYOJOI_clean,2.23802e-06,9.64058e-08
LUQGAG_clean,7.35409e-06,1.05981e-07
VEMSUC01_clean,5.75889e-06,6.68797e-08
MOLKAB_clean,8.85591e-06,1.93329e-07
FATKIV_clean,5.54514e-06,1.71564e-07
VICDOC_clean,1.35192e-05,2.43914e-07
IPOWOA_clean,8.55923e-07,3.33103e-08
FIVYUF_clean,6.32559e-06,1.09232e-07
YUZCED_clean,1.74443e-05,8.11487e-08
NUCYIV_clean,3.60442e-06,5.98831e-08
WENLEI_clean,2.80226e-06,1.00873e-07
OPAGIX_clean,5.66552e-06,1.8623e-07
PEVXAQ_clean,3.92141e-06,8.31512e-08
DEBGIA_clean,1.02578e-05,1.30098e-06
JUSHIQ_clean,9.47959e-06,2.86965e-07
ZILBIH_clean,7.21937e-06,2.83265e-08
QUPJAN_clean,9.09742e-06,2.95289e-07
UNADIX_clean,4.79339e-06,6.04633e-08
HODWUS_clean,3.80191e-06,7.47579e-08
QUQFOY_clean,6.63695e-06,1.5437e-07
KESGAS_clean,5.78649e-06,1.54605e-08
WISTID_clean,9.33361e-06,6.98721e-08
KIDXUR_clean,1.90623e-06,5.86108e-08
GOBXAY_clean,9.44293e-06,1.61852e-06
NOMQAJ01_clean,1.72083e-05,1.48222e-07
FIPKUM_clean,4.32874e-06,4.88288e-08
ZISFEO_clean,8.24619e-06,1.25343e-07
VUMBOW_clean,3.01037e-06,3.68511e-08
XUNHAQ_clean,1.25593e-05,1.20803e-07
OFEREX_clean,4.64321e-06,7.5509e-08
HUDMEA_clean,4.17379e-06,5.75618e-08
VETMIS_clean,3.98914e-06,3.17904e-08
UQUCUG_clean,1.06753e-05,2.59323e-07
OPENUT_clean,2.62717e-06,1.70056e-08
USISEW_clean,8.27239e-06,4.29065e-07
LACQIS_clean,4.98905e-06,4.4691e-08
YEDLAV_clean,7.29718e-06,7.65974e-08
HEMTEZ_clean,2.21492e-06,5.09521e-08
MUHPOV_clean,1.01669e-05,5.48752e-08
NOQKUB_clean,1.04544e-05,8.51166e-08
MURTUO_clean,1.48611e-06,6.68885e-09
FORWAL_clean,5.41705e-06,4.31898e-08
YIWBIR_clean,1.15588e-05,5.545e-08
FUYYAA_clean,5.32472e-06,4.46764e-07
HIYMEJ_clean,2.3013e-06,5.8744e-08
VUWSAJ_clean,1.56875e-05,1.74643e-06
NUCPIM_clean,8.68481e-06,9.61293e-08
NEDLOZ_clean,4.62673e-05,3.3553e-07
JUYROM_clean,7.79683e-06,3.18746e-08
OHUMIP_clean,1.02719e-06,8.2925e-09
IHAZOH_clean,5.25214e-06,5.76971e-08
EFAYIU_clean,3.33709e-06,3.42538e-08
EZIVAM_clean,7.43072e-06,6.6339e-08
KUDWAJ_clean,3.9171e-06,2.21487e-08
URUVUA_clean,2.91384e-06,6.34959e-08
MIDCAF_clean,2.65013e-06,1.42519e-08
KICXEB_clean,4.18203e-07,7.68893e-09
IDEYOF_clean,4.15004e-06,2.9971e-08
IMAXUR_clean,6.32692e-06,7.86726e-08
LIBKEO_clean,2.53142e-06,2.22617e-08
XOPLUL_clean,2.97461e-06,4.72696e-08
RAVJOP_clean,6.72739e-06,9.68593e-08
IQILIF_clean,9.72858e-06,2.64889e-07
WUDVEY_clean,2.48103e-06,6.45572e-08
PAPVIN_clean,2.18569e-05,3.47385e-07
UXIQOJ_clean,4.96024e-06,2.12573e-08
WIWDEN_clean,1.12672e-05,3.22018e-07
QIVQAP_clean,7.28526e-06,1.3917e-07
ILEPEW_clean,1.89389e-05,4.45831e-07
KUTDAG_clean,8.13726e-06,3.43111e-07
XUKHUI_clean,1.79927e-05,3.80514e-07
KIKDUF_clean,7.67872e-06,1.20387e-07
FAGQAI_clean,3.30535e-06,9.35926e-09
HOMZEP_clean,9.9111e-06,2.63206e-08
QITDII_clean,1.32227e-06,5.04668e-08
NARTUX_clean,6.21144e-06,9.27948e-07
XUFPIZ_clean,2.23885e-06,1.18972e-07
RAPYUE_clean,2.88144e-06,2.06881e-08
OLICIX_clean,4.67752e-06,6.18623e-08
MINVUA_SL,4.3402e-06,3.73162e-08
WIKYAQ_clean,2.11878e-06,2.81081e-08
OTAQAD_clean,7.6003e-06,1.5074e-07
KEFBOO_clean,4.20816e-06,3.32469e-08
VIRVEY_clean,3.05488e-06,2.93531e-08
NOHLED_clean,6.87943e-07,2.1925e-08
ENOVAG_clean,2.31255e-06,1.16591e-07
EZEQUX_clean,1.02689e-05,9.4961e-08
KIBDIJ_clean,1.13512e-05,1.04987e-06
FUVBOP_clean,3.04696e-06,1.04588e-08
QOWLEU_clean_h,6.64356e-07,5.22003e-09
VOBKAA_clean,4.24212e-06,1.02715e-07
ELILIV_clean,8.92922e-06,5.53329e-08
KUJNEJ_clean,4.4286e-06,4.28638e-08
NAYHAY_clean,2.50695e-06,1.72605e-08
DIMKUH_clean,7.90596e-06,3.32944e-07
FABGOG_clean,1.37259e-06,4.58791e-08
RASXIT_clean,2.84941e-06,1.68147e-07
GISNED_clean,3.27498e-06,2.39154e-08
FUTDII_clean,3.78786e-06,7.83524e-08
VANNIK_clean,2.18165e-06,1.14661e-08
NILGOG_clean,3.93304e-06,6.11722e-09
OMUSAS_clean,2.69982e-06,3.14723e-08
WOJZOM_clean,1.23258e-05,3.53521e-07
LALFEL_clean,1.60298e-06,1.53368e-08
XEDGIY_clean,4.88243e-06,6.98795e-08
UNECUN_clean,3.54242e-06,4.13663e-08
QONLIQ_clean,4.58563e-06,7.14566e-08
HAVYOU_clean,2.54919e-07,3.1644e-09
GADNUX_clean,4.61517e-06,4.60342e-08
KAVJEX_clean,2.53079e-06,1.0734e-08
EGOZAB_clean,5.43081e-06,1.80985e-08
FOSTUE_clean,5.23217e-06,6.36056e-08
NEYZAU_clean,2.13394e-05,7.32143e-07
REBCAE_clean,8.81957e-06,1.43165e-07
XIHSEN01_clean,7.9511e-06,2.09595e-07
ZEFLAZ01_clean,8.36106e-06,1.32814e-07
GADFAV_clean,7.86961e-06,1.56136e-07
JOCLOD_clean,7.99256e-06,2.84936e-07
RAWZIA_clean,1.26373e-05,3.91992e-08
HIZTUG_clean,1.73768e-05,2.63446e-07
WOPWOO_clean,8.27254e-07,8.75927e-09
WIHWAN_clean,4.38807e-06,2.52885e-08
JORVET_clean,6.95146e-06,1.5724e-07
NERTAH_clean,4.66249e-06,8.37558e-08
KEVVIS_clean,4.52312e-06,2.61858e-08
MAYJOM_clean,6.10212e-06,3.90858e-08
QIQZIB_clean,2.88318e-06,2.44815e-08
GUVCOP_clean,2.75198e-06,1.88978e-08
UNIMAG_clean,2.87717e-06,3.93064e-08
NIHVUX_clean,2.9397e-06,9.23582e-07
KANMIX_clean,4.62188e-06,8.7742e-08
KIVFEB_clean,8.1023e-07,1.8679e-09
RALZEL_clean,9.94471e-06,1.60844e-07
XULFOA_clean,9.40361e-05,9.44038e-07
EFEGOM_clean,4.65601e-06,1.78125e-08
HOZTOG_clean,1.65783e-06,5.63484e-09
REDYEG_clean,2.82618e-06,5.96251e-08
LEDPIU_clean,1.82066e-06,2.26605e-08
ZILBUT_clean,4.24746e-06,1.77685e-08
QARCET_clean,5.91617e-06,3.9368e-08
QUBZAP_clean,1.72225e-06,3.78781e-08
DOTYES_clean,5.60608e-07,6.20978e-09
HARGUC_clean,1.83293e-06,5.58754e-08
FOKYEL_clean,8.725e-06,3.90576e-07
DAGJED_clean,7.61145e-06,9.94772e-08
GEBCAT_clean,1.335e-06,5.00253e-09
DOZKIO_clean,1.04429e-05,3.93221e-07
PEMREG_clean,4.01205e-06,3.38446e-08
DEPYED_clean,3.82851e-06,2.43839e-08
VIMRAM_clean,2.80855e-06,1.25243e-08
VIWZOR_clean,2.71156e-06,2.263e-08
XOVVOU_clean,6.70064e-06,2.23888e-07
YOZQEK_clean,2.22397e-06,2.0243e-08
MAZYER_clean,1.33274e-06,5.83699e-09
EVUNOY_clean,2.65428e-06,3.7656e-08
EJETAQ_clean,2.38792e-06,3.5518e-08
QIFTUW_clean,1.64342e-06,2.05789e-08
VIYMAT_clean,5.13203e-06,8.40271e-08
EPEYAB_clean,7.17885e-06,5.30579e-08
ECOROD_clean,6.15553e-06,9.62999e-08
DUMFEY_clean,6.13284e-06,1.18031e-07
YOCCIE_clean,1.32372e-05,3.92739e-07
HUVNAP_clean,2.55322e-06,1.5185e-07
REJLAU_clean,4.71625e-07,1.51371e-08
OGECOU_clean,1.04908e-05,1.14468e-07
VIGNOQ_clean,1.63278e-06,1.43442e-08
GOYPER_clean,4.34531e-07,5.79284e-09
VIYVIK_clean,1.05133e-05,5.54273e-08
XENKIM_clean,5.70534e-06,2.88255e-08
WOHSOB_clean,1.73951e-06,1.76572e-08
DONKUO_clean,6.62116e-06,2.52006e-07
DUGZAI_clean,5.93246e-06,1.53507e-07
NAVLIG_clean,8.55204e-06,9.05709e-08
DUXKEN_clean,5.20851e-06,2.56564e-07
MAGBON_clean,5.00052e-06,1.79385e-08
LELMIA_clean,7.89677e-06,8.39159e-08
FOPFAS_clean,5.97538e-06,3.92423e-08
XAPGUQ_clean,2.72501e-06,2.33627e-08
XICVUB_clean,5.14617e-06,4.67769e-08
INOSIO_clean,4.15413e-06,3.52168e-08
XINJAH_clean,6.72384e-06,1.36142e-07
IZERAI_clean,1.00418e-05,2.07787e-07
IBAQEJ_clean,4.14277e-06,4.02341e-08
WUSLED_clean,2.36722e-06,1.53241e-08
MOSDUT_clean,4.64308e-06,2.12876e-07
XALTOV_clean,3.50662e-06,1.53017e-08
NANYUX03_clean,4.6438e-06,2.26945e-08
ZAFXAI_clean,2.42328e-06,3.74075e-08
ELUJEC_clean,6.19787e-06,1.00618e-06
NOQGIL_clean,6.64952e-06,4.68528e-08
NIMWUD_clean,9.37514e-06,1.6485e-07
LAGVEX_clean,6.78265e-06,1.62536e-07
XOLGEM_clean,1.26704e-06,3.27707e-08
MACHIJ_clean,2.67307e-06,3.35186e-08
QAGDIO_clean,4.26944e-06,4.22206e-08
XUDYEC_clean,6.58698e-06,9.8273e-08
YEZKUL_clean,1.04725e-05,4.208e-07
ZOMNUM_clean,1.01676e-05,5.15348e-08
ORAWAH_clean,7.02549e-06,9.99635e-08
GUCJAQ_clean,5.37471e-06,3.79502e-08
FAVKET_clean,3.11176e-06,1.24484e-07
EPEWEC_clean,6.59657e-06,3.8319e-08
GIYSOX_clean,5.53863e-06,3.56754e-08
DUBWON_clean,7.4212e-06,1.69733e-07
MIBMER_clean,3.72187e-06,3.15834e-08
GEGBOL_clean,8.93313e-06,3.06919e-07
YAQZUN_clean,4.40003e-07,2.80209e-09
XASPEP_clean,3.7049e-06,3.97173e-08
ZALREM_clean,6.83991e-06,6.73147e-08
NIZNAN_clean,1.09038e-05,1.34403e-07
XEWFAI_clean,2.42752e-06,2.08941e-08
WOBFOK_clean,5.73272e-07,5.47753e-09
HUXDOT_clean,3.00818e-06,3.60863e-08
WOLFAG_clean,7.1118e-06,1.05321e-07
XECJUK_manual,1.10463e-05,4.52036e-07
PASTOU_clean,3.88904e-06,6.33428e-08
QAGCIN_clean,3.41245e-07,8.71231e-09
PIMJUS_clean,6.35665e-06,2.99591e-08
HOWROC_clean,6.0195e-06,3.44341e-07
GIQZIQ_clean,1.19351e-05,7.43053e-07
KUNLEL_clean,2.38277e-06,6.84313e-08
VUGYIH_clean,7.82906e-06,1.30058e-07
PESTUD_clean,1.09885e-05,1.02542e-07
RABHIH_clean,4.05002e-06,7.62521e-08
OPOCUS_clean,7.02244e-06,4.06911e-07
LUBNAZ_clean,3.34438e-06,2.79798e-08
LIDWIG_clean,8.3494e-06,1.15456e-07
QATHOK_clean,2.46137e-06,1.44801e-08
IQECIS_clean,3.65803e-06,1.98311e-08
IGAHAB_clean,7.56641e-06,7.54092e-08
QITYOI_clean,4.26374e-06,8.83937e-08
IKOPIJ_clean,3.45469e-06,6.70596e-08
VAZROF_clean,1.19254e-05,3.12522e-08
QATVUE_clean,1.50074e-05,2.28007e-07
HUFYIS_clean,1.1249e-06,2.40568e-08
DOLRAZ_clean,1.29164e-05,2.01887e-07
FIRPAZ_clean,5.10624e-06,4.21055e-08
FEVNOL_clean,0.000116666,3.24586e-06
KARNAU_clean,4.73798e-06,3.58906e-08
GUVBOQ_clean,4.2965e-06,1.42142e-07
FIFPAM_clean,4.00818e-06,1.08133e-07
VOVLAV_clean,1.80638e-06,4.81907e-09
LUDRUZ_clean,9.37585e-06,2.99132e-07
PECLEP_clean,9.61685e-06,6.11982e-08
OKUKOW_clean,4.75596e-06,7.87e-08
KOKSIO_clean,5.96603e-06,2.25958e-08
ZIKJOU_clean,7.13099e-06,5.6821e-08
QOGPIM_clean,2.05697e-06,2.93481e-08
FASVIH_clean,2.79291e-06,3.12906e-08
UQOGAK_clean,1.50087e-05,4.89708e-07
WIKLOT_clean,1.67557e-06,2.51672e-09
NUZCIV_clean,3.61848e-06,4.16078e-08
PAMHES_clean,1.01092e-05,7.10926e-08
LOSXIC_clean,8.60143e-06,8.17918e-08
XULGUI_clean,1.22126e-05,1.70826e-07
XURNUU_clean,4.91094e-06,5.21431e-07
ZOXVEP_clean,7.93656e-06,4.86943e-07
QUQHAM_clean,1.42284e-06,4.3811e-08
JUWBIO_clean,4.94836e-06,4.79151e-08
ZOZKEG_clean,7.44812e-06,1.63641e-07
VEHNED_clean,3.86929e-06,1.68811e-07
KOMJON_clean,1.46048e-06,2.83762e-08
XIZJEW_clean,5.1694e-06,7.0242e-08
OYEBIE_clean,6.31484e-06,1.81275e-07
KIJPUQ_clean,7.59749e-06,1.79674e-07
XACZEH_clean,1.23549e-06,1.36702e-08
LEVYOC_clean,4.32152e-06,9.35529e-08
IGORUS_clean,5.00526e-06,3.78388e-08
XAFFUH_clean,3.85374e-06,1.09485e-08
FUWMIU_clean,3.10294e-06,2.65892e-08
QUFKIN_clean,1.32094e-05,3.43575e-07
YAZWOM_clean,1.63743e-06,2.02055e-08
WAGZEL_clean,4.71667e-06,9.38335e-07
IYAHEX_clean,8.50385e-06,3.39386e-06
WEZCIO_clean,8.55862e-07,8.66992e-09
PODVUB_clean,2.55196e-06,1.52139e-07
IMUVES_clean,1.43712e-05,5.05266e-07
EMAPAK_clean,2.7052e-06,9.58662e-09
HUKRIO_clean,1.26577e-05,1.32554e-07
HELDOT_clean,4.16712e-06,7.04082e-08
PENNON_clean,3.56932e-06,1.62296e-08
XITYOP_clean,6.80242e-06,8.19284e-08
JIZWOG_clean,8.74075e-06,7.13012e-08
EMOHIZ_clean,3.10448e-06,4.41213e-08
WEDQED_clean,9.64392e-06,1.31044e-07
MEFJUE_clean,3.82632e-06,2.03748e-08
JEBCOJ_clean,3.06626e-06,3.12572e-08
GEGDED_clean,6.36585e-06,5.26067e-08
GUWDUY_clean,6.67258e-06,2.87482e-08
FOMWOV_clean,4.30509e-06,6.33704e-08
NUFCAU_clean,4.36532e-06,9.10124e-08
FOVPEN_clean,4.42365e-06,1.02313e-07
MAVFEV_clean,2.28186e-06,6.44146e-08
EHUTAE_clean,1.44517e-05,4.07853e-07
REFHUH_clean,1.41978e-06,9.3227e-09
HAKWAU_clean,6.25251e-06,9.56507e-08
GIKQIC_clean,2.00851e-06,3.91151e-08
ZINDAD_clean,4.95589e-06,4.62094e-08
KOPXOE_clean,7.14921e-07,2.36105e-08
GIRYAJ_clean,2.98131e-06,6.53359e-08
VOCCOH_clean,5.0455e-06,5.71373e-08
OSOTIB_clean,6.1138e-06,1.04971e-07
FEZREJ_clean,6.39129e-06,2.68507e-07
PUGJEI_clean,2.1935e-05,2.69023e-06
ZIWLUO_clean,5.07847e-06,6.3426e-08
JUYJIY_clean,3.77562e-06,8.71376e-08
KEQDER_clean,4.86288e-06,3.87934e-08
KIKFIV_clean,5.32732e-06,1.53376e-07
ZETQIA_clean,2.18927e-07,6.91332e-09
QOVSUR_clean,1.09729e-05,5.40335e-08
JURKIS_clean,3.41111e-06,6.93375e-08
QERWAL_clean,7.54187e-06,4.5992e-08
HOFMAS_clean,4.04896e-07,1.33112e-08
HEXNUU_clean,1.29369e-05,5.5379e-07
GEJJEL01_clean,1.64178e-06,5.09239e-08
GEPDEM_clean,4.86729e-06,1.99088e-07
DITTEH_clean,6.93105e-06,6.30863e-08
JEMNAR_clean,7.55093e-06,3.66806e-08
DUWBEE_clean,4.58212e-06,1.37962e-07
MALRUM_clean,4.61028e-06,4.60374e-08
IYAKIE_clean,3.81275e-06,2.89172e-08
VACFUB01_clean,2.56006e-06,7.852e-09
KAXZUG_clean,2.88089e-06,6.97759e-08
VIVLAP_clean,6.79398e-06,3.43447e-07
FIWKUT_clean,4.56616e-06,1.35883e-07
WOZGUP_clean,5.99094e-06,1.19786e-07
WAHGIY_clean,7.01461e-06,1.33649e-07
XEKCAT01_clean,9.46947e-06,2.20636e-07
FAFDEX_clean,5.85187e-06,2.29194e-08
KIDVIE_clean,1.40305e-06,1.77663e-08
JORLEJ_clean,5.59868e-06,6.46383e-08
FEQSIF_clean,6.5152e-06,1.30488e-07
WOBQEL_clean,1.4801e-05,2.37325e-08
LEVLEF_clean,1.04747e-05,8.70222e-08
WIFBAQ_clean,4.57802e-06,4.73066e-08
XUDNAN_clean,5.83614e-06,7.49867e-08
RAZJIM_clean,6.21842e-06,1.52637e-07
VOPCIO_clean,4.96375e-06,5.60452e-08
OTIJAE_clean,1.37193e-06,5.46731e-09
LOJNAA_clean,3.33189e-06,3.53335e-08
QAGQEW_clean,4.80838e-06,1.03541e-07
LUPYAX_clean,4.28654e-06,7.64483e-08
GUVZII_clean,2.79318e-06,7.67593e-08
GERPUP_clean,8.65312e-07,1.07956e-08
YAWKOX_clean,1.50181e-05,1.94429e-06
MUHPAI_clean,7.94725e-06,2.25424e-07
DITYEM_clean,8.98121e-07,1.95879e-08
QUSSOO_clean,7.8961e-06,2.01866e-07
LAHVAU_clean,6.02664e-06,6.12319e-08
DIQVUW_clean,3.83952e-06,4.64399e-08
XADDIR_manual,4.50076e-06,6.59793e-08
HULRIR_clean,3.76276e-06,3.29638e-08
KEWJIG_clean,1.49578e-05,3.73967e-07
IDIXAU_clean,3.68775e-06,2.04851e-08
OVIDON_clean,1.25394e-06,8.10775e-08
LUYBOY_clean,3.01431e-06,8.92137e-08
DEQVIF_clean,6.28168e-06,7.11809e-08
LUZJAT_clean,4.22256e-06,9.88374e-08
RAXQEO_clean,4.10804e-06,4.16971e-08
LABKIL_clean,1.88979e-06,6.82754e-08
DUXKUD_clean,2.62909e-06,2.43503e-08
EREGOY_clean,5.87908e-06,1.196e-07
KOTSIX_clean,3.95139e-06,4.36379e-08
GEGSIW_clean,1.02626e-05,7.51209e-07
MOWQIZ_clean,9.16869e-07,4.14612e-08
HEDCIE_clean,5.29257e-06,7.01685e-08
EQUBUO_clean,3.74909e-06,1.7881e-08
IVETOT_clean,4.2953e-06,3.67608e-08
WAWGOQ_clean,6.79198e-06,6.96307e-07
DUPVER_clean,3.39684e-06,5.40241e-08
ZILFOR_manual,4.45161e-06,3.57484e-08
DUNJON_clean,7.07198e-07,1.73846e-08
XUMNIE_clean,8.73259e-06,1.66334e-07
QUBWIU_clean,3.14202e-06,1.21914e-07
JEXSOV_clean,1.14056e-06,4.40364e-08
LUXFUG_clean,2.05133e-06,1.51553e-08
GEDDEA_clean,2.87184e-06,4.19622e-08
VEHYUE_clean,5.97378e-07,1.54347e-08
ZOHFUZ_clean,4.84661e-06,7.79474e-08
EBOJOV_clean,9.53251e-07,4.55641e-08
XADGAM_clean,1.94151e-05,3.24966e-07
MURBEI_clean,7.05337e-06,4.16747e-08
WIVFIS_clean,1.31268e-06,1.98102e-08
GEFFUT_clean,6.27255e-06,6.0134e-08
NUBPIL_clean,3.67522e-06,1.64863e-08
LADQUF_clean,7.24403e-06,1.1472e-07
UVOTOQ_clean,4.16331e-06,1.56011e-07
OSOMIT_clean,5.16022e-06,1.39356e-07
EXEMUR_clean,2.06599e-06,2.30969e-08
OWUWUA_clean,7.21437e-06,1.31099e-07
LADHIJ_clean,4.74074e-06,5.23689e-08
WOBCIB_clean,1.08843e-05,2.96343e-07
YILKAH_clean,5.62486e-06,5.60614e-08
QUNVIG_clean,3.28674e-06,6.79121e-09
PEFTAX_clean,3.88511e-06,5.99212e-08
QUBZIX_clean,4.86432e-06,2.03215e-08
YUKKAR_clean,6.98305e-06,2.27243e-08
QUTDAM_clean,6.38594e-06,8.81041e-08
QAVWAN_clean,8.79076e-06,3.70545e-08
UWUKII_clean,3.93051e-06,7.1016e-08
EDAPIK_clean_h,4.33187e-06,2.93837e-08
LUTZEH_clean,2.07307e-06,2.77614e-08
MUTGUD_clean,8.32174e-06,8.09333e-08
OZUMIH_clean,2.42294e-06,1.07729e-08
WODREO_clean,1.61131e-05,3.50659e-07
WOJJOV_SL,2.86966e-05,7.3992e-07
LIGHAM_clean,6.54189e-06,8.4622e-08
FABGUM_clean,2.38513e-06,1.44946e-08
DEHBIC_clean,7.61665e-07,1.37387e-08
FUWFUA_clean,4.96315e-06,4.99465e-08
REGRIG_clean,3.60252e-06,5.35457e-08
VEJHID_clean,3.3274e-06,1.34482e-07
YOGKOW_clean,4.07379e-06,3.88985e-08
ZARLIP_clean,3.7732e-06,5.07511e-08
GAMXAV_clean,5.38206e-06,5.4956e-08
FAGYEU_clean,7.40666e-06,1.50238e-07
KOBPUN_clean,1.62989e-06,6.15371e-08
NOFQII_clean,3.06085e-06,2.35984e-08
NOMKUX_clean,1.97665e-06,7.98758e-09
YEMTIV_clean,1.63583e-05,1.09703e-07
GUKXIU_clean,1.92663e-06,4.12154e-08
QAWROW_clean,1.43581e-05,2.2935e-07
HOBGOV_clean,9.34588e-06,4.12491e-08
ILOSOS_clean,2.98878e-06,1.35367e-08
QUSRUT_clean,8.03969e-07,9.70219e-09
LEGGOU_clean,2.82948e-06,4.87504e-08
DEFRIR_clean,3.20528e-06,4.9521e-08
VASKOR_clean,3.49176e-06,5.39028e-08
ONIXOZ_clean,5.88527e-06,6.02967e-08
LOMFIC_clean,1.17711e-05,1.21903e-06
YEYYAC_clean,4.37254e-06,4.87382e-08
GUJGEY_clean,2.63197e-06,3.65787e-08
YARGOP_clean,6.93564e-06,6.84957e-08
GOWVOF_clean,2.02743e-05,7.86481e-07
DUDKUK_clean,3.53067e-06,4.07589e-08
YUGZIK_clean,4.05486e-06,2.32534e-08
NUCREJ_clean,5.16294e-07,2.73474e-08
FORQIN_clean,3.07337e-06,2.11217e-07
KALGEL_clean,8.68565e-06,5.87314e-08
FIBHIJ_clean,4.45121e-06,7.21702e-08
DUGBAJ_clean,2.30394e-06,4.89175e-08
LIVTIT_clean,4.94072e-06,4.75974e-08
HUPQIU_clean,2.91209e-06,2.94427e-08
ELOGUJ_clean,9.38571e-07,2.48872e-08
PEKZIP_clean,6.27956e-06,7.98974e-08
VUKTUS_clean,6.64487e-06,3.03246e-07
QOHYET_clean,8.88067e-06,7.94478e-08
XOHLEM_clean,7.58126e-06,1.20194e-07
REHMEY_clean,1.94211e-05,2.41592e-07
QATHIE_clean,1.41078e-05,4.43951e-07
YOVPEG_clean,6.51967e-06,1.23465e-07
ZUCKIT_clean,8.9799e-06,7.11406e-07
MOSBIG_clean,2.22997e-06,1.5435e-08
XOMDOU_clean,1.16874e-05,2.29001e-07
NAHFOU_clean,7.51904e-06,1.65123e-07
MUZKEZ_clean,5.87199e-06,5.88002e-08
WIYZOU_clean,2.67156e-06,1.05147e-07
RAXDAX_clean,6.60816e-07,2.17082e-08
ODUNEH_clean,6.44895e-06,1.04528e-07
ORUKOD_clean,1.38416e-05,7.23752e-07
YIKJUZ_clean,2.01327e-06,1.81559e-08
OQESEJ_clean,1.01077e-05,1.88061e-08
IMEDOV_clean,3.08348e-06,3.58065e-08
YAQKEI_clean,9.54113e-06,3.33653e-07
XEGKUR_clean,3.10351e-06,1.13764e-07
MAJHUC_clean,3.05192e-06,1.41917e-07
NACYUM_clean,1.45148e-05,8.19943e-07
EGABAR_clean,3.30035e-06,5.81181e-08
HAWWUZ_clean,3.73345e-06,1.37154e-07
DIBXAO_clean,9.67726e-07,5.4338e-08
FUDHET_clean,7.19463e-06,2.79514e-07
FASHAK_clean,3.10559e-06,1.59303e-07
EBIHII_clean,4.3392e-06,4.57114e-08
OKUTEV_clean,3.89064e-06,2.67549e-08
MILROQ_clean,2.75276e-06,2.1713e-08
EXUHUC_clean,1.74908e-06,1.96347e-08
OVUDAL_clean,1.34172e-06,3.10426e-09
HABDAS_clean,4.07447e-06,5.74803e-08
PODKUQ_clean,4.09275e-06,2.84595e-08
JIWKUW_clean,1.8809e-06,2.95271e-08
DOGMET_clean,3.22074e-06,4.05266e-08
DOTWAL_clean,2.70087e-06,1.18552e-08
PARMIG_clean,5.03047e-05,3.20781e-07
MULXUO_clean,6.26355e-06,1.00735e-07
HUWPIA_clean,1.49852e-05,1.64584e-07
XIGFOJ_manual,3.17509e-06,1.48831e-08
WUPNIF_clean,1.90836e-06,8.59476e-09
NIMTAE_clean,8.95174e-06,5.582e-08
OVIZUP_clean,2.71143e-06,7.26252e-08
YAPMAF_clean,3.92425e-06,1.34022e-07
FIMXUW_clean,2.41914e-06,1.38804e-07
KUMJIN_clean,9.63635e-06,2.84216e-07
VIBHAQ_clean,5.65664e-06,5.28472e-08
RAPBOZ_clean,9.53281e-06,1.88173e-08
ZUKNAW_clean,1.34743e-06,1.30599e-08
DOPJAV_clean,2.04597e-06,2.97711e-08
EKEVAT_clean,6.3636e-06,1.86462e-07
DUPKAC_clean,4.56016e-06,3.20183e-08
KONYOB_clean,2.6499e-06,4.86776e-08
MIFVEE_clean,1.97304e-06,5.55929e-08
PAKXIK_clean,5.76584e-06,1.49293e-07
FONQIJ_clean,1.01869e-05,3.4687e-07
VOYLUS_clean,9.98399e-06,2.00745e-07
QALHIX_clean,3.69418e-06,5.56734e-08
GAFRUD_clean,4.98731e-06,9.05427e-08
MUTDIQ_clean,3.31924e-06,4.46228e-08
UZOBAN_clean,8.85969e-06,1.08254e-07
PUJJEL_clean,3.16784e-06,1.28074e-08
LUTDAG_clean,2.69602e-06,7.31072e-08
QOKKAE_clean,1.83143e-06,1.57544e-08
KOBFIR_clean,5.18168e-06,4.72284e-08
KOKDEU_clean,1.54798e-06,1.45035e-08
EYULOA_clean,1.04223e-05,1.49651e-07
GEPDIQ_clean,1.3141e-05,6.55335e-07
NEDKUD_clean,1.98628e-06,5.68553e-08
LONVIV_clean,3.59557e-06,4.25167e-08
EZIPEK_clean,3.50059e-06,4.29115e-08
JUSBAC_clean,1.04321e-05,2.51047e-07
NUDNEH_clean,5.89689e-06,1.6679e-08
DICVIW_clean,1.05017e-05,2.09022e-07
LASWIN_clean,1.75837e-05,8.34671e-07
VOTKEW_clean,9.28301e-06,1.70255e-07
INURIS_clean,2.11013e-06,4.3279e-08
EQUNIP_clean,6.75811e-06,6.66848e-08
VOSVEG_clean,8.26318e-06,2.40636e-07
GUXPOF_clean,3.29984e-06,4.23845e-08
KOKKOL_clean,4.29998e-06,1.31367e-07
EWUTEW_clean,4.16449e-06,6.5208e-08
DOZCEC_clean,3.48974e-06,5.47907e-08
VAYWID_clean,1.49293e-06,1.38945e-08
MIZKOW_clean,1.34896e-06,3.99193e-08
EXOFIH_clean,1.20404e-05,1.58658e-07
FAZFET_clean,2.19046e-06,3.58202e-08
HAVZIP_clean,3.60461e-06,9.66183e-09
EBUREA_clean,7.76712e-06,1.92184e-07
LOFJAT_clean,8.89415e-06,1.13844e-07
HIDDAB_clean,9.76449e-06,1.98385e-07
YUMYUC_clean,2.05157e-06,1.80525e-08
HOGJIX_clean,4.36094e-06,3.15862e-08
FIMZAE_clean,3.29576e-06,1.49361e-08
YUKVUW_clean,1.32585e-06,1.47814e-08
YODWUL_clean,3.69269e-06,5.52836e-08
NUHPAI_clean,1.21793e-05,6.33796e-07
NANMEW_clean,2.70748e-06,2.81287e-08
XIDMED_clean,3.69339e-06,6.64595e-08
XAJQAC_SL,1.10878e-05,1.05477e-07
YUGLES_clean,3.66693e-06,2.84755e-08
MARLAS_clean,5.6445e-06,9.82317e-08
XOTXAG_clean,5.63675e-06,1.84207e-07
NIJSAC_clean,1.17287e-06,1.69294e-08
MAKSUO_clean,3.32576e-07,2.52898e-08
DIVSUY_clean,9.85088e-06,2.49884e-07
PEBNEP_clean,3.85781e-06,1.21847e-07
QUSQIG_clean,2.87224e-06,3.72369e-08
ZIGFIG_clean,6.13594e-06,9.17911e-08
FISGOF_clean,3.45778e-06,1.94556e-08
MOVKOZ_clean,9.83981e-06,5.01272e-07
PITPIT_clean,4.41615e-06,8.3472e-08
GUYBAE_clean,2.45628e-06,4.00778e-08
IZEPEJ_clean,3.35834e-06,5.28189e-08
WIVRIE_clean,1.05832e-05,1.9993e-07
WOJNAL_clean,2.0704e-06,1.96463e-08
FAGXOD_clean,9.57552e-06,9.48992e-08
OJAKUG_clean,1.29259e-06,6.27417e-08
FELWUQ_clean,2.10912e-06,4.16729e-08
YIXZEM_clean,2.38899e-06,3.4117e-09
YODRAM_clean,7.64257e-06,4.71892e-08
NEGMUI_clean,2.22386e-06,6.66137e-08
MIJHOD_clean,1.08744e-05,3.09479e-07
ZARVIZ_clean,9.4313e-07,9.91387e-09
QILBUK_clean,5.21403e-06,1.01115e-07
GIXNAE_clean,4.27026e-06,3.86561e-08
LASDEQ_clean,4.05901e-06,4.71755e-08
VECZEK_clean,1.38379e-06,5.91109e-09
WAVROC_clean,4.21252e-06,4.09415e-08
GOYYIE_clean,9.56114e-07,5.09158e-08
FEYDET_clean,9.09508e-06,1.50997e-07
PUTYEI_clean,5.63948e-06,1.19258e-08
RAHPAT_clean,6.75242e-06,5.09278e-08
XIRHUC_clean,3.91229e-06,1.42106e-07
IXURID_clean,8.22776e-06,7.03262e-08
MOTMAK_clean,1.21398e-05,1.92726e-07
NOSHIO_clean,2.51836e-06,1.85745e-08
QIWQES_clean,4.66026e-06,3.5792e-08
DUWTAS_clean,2.03381e-06,1.63611e-08
NOHHID_clean,1.13924e-06,7.81318e-08
PIJJEZ_clean,8.98625e-06,7.92315e-08
HOXKUB_clean,5.39672e-06,6.51166e-08
XUKNIC_clean,5.49574e-06,1.01828e-07
GADRAH_clean,4.85148e-06,2.28244e-08
JUJZIZ_clean,3.66095e-07,1.13404e-08
GERNOI_clean,5.53389e-06,1.99707e-08
IBATEM_clean,2.93567e-06,3.3057e-08
OBUBOC_manual,9.12155e-07,1.16766e-08
MAHCOQ_clean,3.28463e-06,2.60889e-08
EJOZOU_clean,3.22224e-06,4.03998e-08
NEYVEU_clean,4.11074e-06,2.24183e-08
YORLEY_clean,2.49309e-06,4.85982e-08
HAFWIW_clean,2.3921e-06,2.38107e-08
XOFGEG_clean,4.24978e-06,7.23752e-08
JIVSEN_clean,5.47637e-06,7.53068e-08
LIQCUK_clean,5.80572e-06,7.58916e-08
EQERAU_clean,6.83333e-06,8.60643e-08
HAVVUX_clean,1.50573e-06,1.25145e-08
JIVFUQ_clean,4.30013e-06,5.10024e-08
QOVWOP_clean,9.11237e-07,5.01985e-08
MIHBAG_clean,3.42633e-06,1.87246e-08
KADLUZ_clean,4.4404e-06,3.32846e-08
WAHDIT_clean,2.91306e-06,5.48959e-08
YUCGOS_clean,1.05753e-06,3.73682e-08
JUCGUL_clean,9.73135e-06,5.67235e-08
QOXNIB_clean,3.36078e-06,6.54362e-08
WOYWOY_clean,3.13168e-05,4.23118e-07
IGUCIY_clean,3.20846e-06,1.27457e-08
PIQFIG_clean,1.26207e-06,6.31484e-09
EZUCOS_SL,7.21557e-06,9.03458e-08
UNOJUD_clean,3.41167e-06,5.8721e-08
WUKXEH_clean,3.78009e-06,1.97593e-08
VEHPUU_clean,1.81646e-06,1.88151e-08
EKUPEG_clean,1.672e-06,2.77607e-09
NEHZIK_clean,2.7522e-06,3.89263e-08
GUFREF_clean,5.61419e-06,1.84182e-07
JALPAQ_clean,4.32805e-07,2.68944e-08
DAWCAH_clean,9.27563e-06,1.52206e-07
ILOTOT_clean,2.78812e-06,3.44898e-08
QIRBUQ_clean,8.90243e-05,6.20883e-06
MONWET_clean,2.05142e-06,7.53284e-08
LAYGAV_clean,7.22641e-06,4.51805e-08
